GloOfs,RelOfs,Child,Parent,Xpos,Ypos,Zpos,Xtile,Ytile,Status,Status_S,Affect,BaseFrame,Frame,OldFrame,Life,WhoShotMe,Model,Model_S,State,Angle,Angle_S,ZAngle,Unknown
59016,26242,0,0,8320,21376,504,32,83,6,TS_UNKNOWN_2 | TS_MAPWHO,0,0,4633,1042,100,0,5,TM_OBJECT,7,78,TA_SOUTHEAST,0,0,
59046,26272,0,0,8320,16256,504,32,63,6,TS_UNKNOWN_2 | TS_MAPWHO,0,0,4631,1040,100,0,5,TM_OBJECT,5,244,TA_SOUTHWEST,0,0,
59076,26302,0,0,11392,16256,504,44,63,6,TS_UNKNOWN_2 | TS_MAPWHO,0,0,4631,1040,100,0,5,TM_OBJECT,5,208,TA_WEST,0,0,
59106,26332,0,0,18048,16256,520,70,63,6,TS_UNKNOWN_2 | TS_MAPWHO,0,0,4633,1042,100,0,5,TM_OBJECT,7,125,TA_NORTHEAST,0,0,
59136,26362,0,0,25728,16256,504,100,63,6,TS_UNKNOWN_2 | TS_MAPWHO,0,0,4634,1043,100,0,5,TM_OBJECT,8,155,TA_NORTH,0,0,
59166,26392,0,0,18048,7040,512,70,27,6,TS_UNKNOWN_2 | TS_MAPWHO,0,0,4632,1041,100,0,5,TM_OBJECT,6,49,TA_SOUTHEAST,0,0,
59196,26422,0,0,23168,21376,512,90,83,6,TS_UNKNOWN_2 | TS_MAPWHO,0,0,4633,1042,100,0,5,TM_OBJECT,7,69,TA_SOUTHEAST,0,0,
59226,26452,0,0,25728,20096,520,100,78,6,TS_UNKNOWN_2 | TS_MAPWHO,0,0,4631,1040,100,0,5,TM_OBJECT,5,231,TA_WEST,0,0,
59256,26482,0,0,24784,12144,256,96,47,4,TS_MAPWHO,0,1085,4725,1086,40,0,5,TM_OBJECT,12,64,TA_SOUTHEAST,0,0,
59286,26512,0,0,25296,22656,256,98,88,4,TS_MAPWHO,0,1085,4725,1086,40,0,5,TM_OBJECT,12,64,TA_SOUTHEAST,0,0,
59316,26542,0,0,14964,20700,256,58,80,4,TS_MAPWHO,0,1093,4734,1093,40,0,5,TM_OBJECT,12,128,TA_NORTHEAST,0,0,
59346,26572,0,0,15316,20348,256,59,79,4,TS_MAPWHO,0,1093,4735,1094,40,0,5,TM_OBJECT,12,192,TA_NORTHWEST,0,0,
59376,26602,0,0,10364,20452,384,40,79,4,TS_MAPWHO,0,1093,4734,1093,40,0,5,TM_OBJECT,12,0,TA_SOUTHWEST,0,0,
59406,26632,0,0,6248,20696,256,24,80,4,TS_MAPWHO,0,1085,4723,1085,40,0,5,TM_OBJECT,12,128,TA_NORTHEAST,0,0,
59436,26662,0,0,6880,19840,384,26,77,4,TS_MAPWHO,0,1109,4759,1110,40,0,5,TM_OBJECT,12,64,TA_SOUTHEAST,0,0,
59466,26692,0,0,6868,18300,384,26,71,4,TS_MAPWHO,0,1109,4759,1110,40,0,5,TM_OBJECT,12,64,TA_SOUTHEAST,0,0,
59496,26722,0,0,6868,17532,384,26,68,4,TS_MAPWHO,0,1109,4759,1110,40,0,5,TM_OBJECT,12,64,TA_SOUTHEAST,0,0,
59526,26752,0,0,4316,18308,256,16,71,4,TS_MAPWHO,0,1109,4759,1110,40,0,5,TM_OBJECT,12,64,TA_SOUTHEAST,0,0,
59556,26782,0,0,16240,18368,256,63,71,4,TS_MAPWHO,0,1077,4707,1077,40,0,5,TM_OBJECT,12,128,TA_NORTHEAST,0,0,
59586,26812,0,0,21632,15584,256,84,60,4,TS_MAPWHO,0,1093,4734,1093,40,0,5,TM_OBJECT,12,128,TA_NORTHEAST,0,0,
59616,26842,0,0,21964,15220,256,85,59,4,TS_MAPWHO,0,1085,4725,1086,40,0,5,TM_OBJECT,12,192,TA_NORTHWEST,0,0,
59646,26872,0,0,22636,14804,256,88,57,4,TS_MAPWHO,0,1085,4723,1085,40,0,5,TM_OBJECT,12,0,TA_SOUTHWEST,0,0,
59676,26902,0,0,21620,12764,256,84,49,4,TS_MAPWHO,0,1093,4734,1093,40,0,5,TM_OBJECT,12,0,TA_SOUTHWEST,0,0,
59706,26932,0,0,17116,9348,256,66,36,4,TS_MAPWHO,0,1093,4735,1094,40,0,5,TM_OBJECT,12,64,TA_SOUTHEAST,0,0,
59736,26962,0,0,16764,15316,256,65,59,4,TS_MAPWHO,0,1093,4734,1093,40,0,5,TM_OBJECT,12,128,TA_NORTHEAST,0,0,
59766,26992,0,0,13772,14212,256,53,55,4,TS_MAPWHO,0,1109,4759,1110,40,0,5,TM_OBJECT,12,192,TA_NORTHWEST,0,0,
59796,27022,0,0,12988,11892,256,50,46,4,TS_MAPWHO,0,1109,4759,1110,50,0,5,TM_OBJECT,12,192,TA_NORTHWEST,0,0,
59826,27052,0,0,10964,9852,256,42,38,4,TS_MAPWHO,0,1093,4735,1094,40,0,5,TM_OBJECT,12,192,TA_NORTHWEST,0,0,
59856,27082,0,0,10956,7796,256,42,30,4,TS_MAPWHO,0,1093,4735,1094,40,0,5,TM_OBJECT,12,192,TA_NORTHWEST,0,0,
59886,27112,0,0,10952,5496,256,42,21,4,TS_MAPWHO,0,1093,4735,1094,40,0,5,TM_OBJECT,12,192,TA_NORTHWEST,0,0,
59916,27142,0,0,13244,17780,256,51,69,4,TS_MAPWHO,0,1093,4735,1094,40,0,5,TM_OBJECT,12,192,TA_NORTHWEST,0,0,
59946,27172,0,0,16504,6104,256,64,23,4,TS_MAPWHO,0,1093,4734,1093,40,0,5,TM_OBJECT,12,0,TA_SOUTHWEST,0,0,
59976,27202,0,0,9456,20592,512,36,80,6,TS_UNKNOWN_2 | TS_MAPWHO,0,0,1886,550,50,0,5,TM_OBJECT,19,128,TA_NORTHEAST,0,0,
60006,27232,0,27382,9712,20592,512,37,80,6,TS_UNKNOWN_2 | TS_MAPWHO,0,0,1886,550,50,0,5,TM_OBJECT,19,128,TA_NORTHEAST,0,0,
60036,27262,0,27352,9968,20592,512,38,80,6,TS_UNKNOWN_2 | TS_MAPWHO,0,0,1886,550,50,0,5,TM_OBJECT,19,128,TA_NORTHEAST,0,0,
60066,27292,0,27322,10224,20592,512,39,80,6,TS_UNKNOWN_2 | TS_MAPWHO,0,0,1886,550,50,0,5,TM_OBJECT,19,128,TA_NORTHEAST,0,0,
60096,27322,27292,0,10096,20592,512,39,80,6,TS_UNKNOWN_2 | TS_MAPWHO,0,0,1886,550,50,0,5,TM_OBJECT,19,128,TA_NORTHEAST,0,0,
60126,27352,27262,0,9840,20592,512,38,80,6,TS_UNKNOWN_2 | TS_MAPWHO,0,0,1886,550,50,0,5,TM_OBJECT,19,128,TA_NORTHEAST,0,0,
60156,27382,27232,0,9584,20592,512,37,80,6,TS_UNKNOWN_2 | TS_MAPWHO,0,0,1886,550,50,0,5,TM_OBJECT,19,128,TA_NORTHEAST,0,0,
60186,27412,0,27562,10864,20592,512,42,80,6,TS_UNKNOWN_2 | TS_MAPWHO,0,0,1886,550,50,0,5,TM_OBJECT,19,128,TA_NORTHEAST,0,0,
60216,27442,0,27592,11120,20592,512,43,80,6,TS_UNKNOWN_2 | TS_MAPWHO,0,0,1886,550,50,0,5,TM_OBJECT,19,128,TA_NORTHEAST,0,0,
60246,27472,0,27622,11376,20592,512,44,80,6,TS_UNKNOWN_2 | TS_MAPWHO,0,0,1886,550,50,0,5,TM_OBJECT,19,128,TA_NORTHEAST,0,0,
60276,27502,0,27952,11632,20592,512,45,80,6,TS_UNKNOWN_2 | TS_MAPWHO,0,0,1886,550,50,0,5,TM_OBJECT,19,128,TA_NORTHEAST,0,0,
60306,27532,0,29902,10736,20592,512,41,80,6,TS_UNKNOWN_2 | TS_MAPWHO,0,0,1886,550,50,0,5,TM_OBJECT,19,128,TA_NORTHEAST,0,0,
60336,27562,27412,0,10992,20592,512,42,80,6,TS_UNKNOWN_2 | TS_MAPWHO,0,0,1886,550,50,0,5,TM_OBJECT,19,128,TA_NORTHEAST,0,0,
60366,27592,27442,0,11248,20592,512,43,80,6,TS_UNKNOWN_2 | TS_MAPWHO,0,0,1886,550,50,0,5,TM_OBJECT,19,128,TA_NORTHEAST,0,0,
60396,27622,27472,0,11504,20592,512,44,80,6,TS_UNKNOWN_2 | TS_MAPWHO,0,0,1886,550,50,0,5,TM_OBJECT,19,128,TA_NORTHEAST,0,0,
60426,27652,0,27982,11888,20592,512,46,80,6,TS_UNKNOWN_2 | TS_MAPWHO,0,0,1886,550,50,0,5,TM_OBJECT,19,128,TA_NORTHEAST,0,0,
60456,27682,0,28012,12136,20584,512,47,80,6,TS_UNKNOWN_2 | TS_MAPWHO,0,0,1886,550,50,0,5,TM_OBJECT,19,128,TA_NORTHEAST,0,0,
60486,27712,0,28042,12400,20592,512,48,80,6,TS_UNKNOWN_2 | TS_MAPWHO,0,0,1886,550,50,0,5,TM_OBJECT,19,128,TA_NORTHEAST,0,0,
60516,27742,0,28072,12656,20592,512,49,80,6,TS_UNKNOWN_2 | TS_MAPWHO,0,0,1886,550,50,0,5,TM_OBJECT,19,128,TA_NORTHEAST,0,0,
60546,27772,0,28102,12912,20592,512,50,80,6,TS_UNKNOWN_2 | TS_MAPWHO,0,0,1886,550,50,0,5,TM_OBJECT,19,128,TA_NORTHEAST,0,0,
60576,27802,0,28162,13168,20592,512,51,80,6,TS_UNKNOWN_2 | TS_MAPWHO,0,0,1886,550,50,0,5,TM_OBJECT,19,128,TA_NORTHEAST,0,0,
60606,27832,0,28222,13424,20592,512,52,80,6,TS_UNKNOWN_2 | TS_MAPWHO,0,0,1886,550,50,0,5,TM_OBJECT,19,128,TA_NORTHEAST,0,0,
60636,27862,0,28252,13680,20592,512,53,80,6,TS_UNKNOWN_2 | TS_MAPWHO,0,0,1886,550,50,0,5,TM_OBJECT,19,128,TA_NORTHEAST,0,0,
60666,27892,0,28312,13936,20592,512,54,80,6,TS_UNKNOWN_2 | TS_MAPWHO,0,0,1886,550,50,0,5,TM_OBJECT,19,128,TA_NORTHEAST,0,0,
60696,27922,0,28282,14192,20592,512,55,80,6,TS_UNKNOWN_2 | TS_MAPWHO,0,0,1886,550,50,0,5,TM_OBJECT,19,128,TA_NORTHEAST,0,0,
60726,27952,27502,32962,11760,20592,512,45,80,6,TS_UNKNOWN_2 | TS_MAPWHO,0,0,1886,550,50,0,5,TM_OBJECT,19,128,TA_NORTHEAST,0,0,
60756,27982,27652,0,12016,20592,512,46,80,6,TS_UNKNOWN_2 | TS_MAPWHO,0,0,1886,550,50,0,5,TM_OBJECT,19,128,TA_NORTHEAST,0,0,
60786,28012,27682,0,12272,20592,512,47,80,6,TS_UNKNOWN_2 | TS_MAPWHO,0,0,1886,550,50,0,5,TM_OBJECT,19,128,TA_NORTHEAST,0,0,
60816,28042,27712,0,12528,20592,512,48,80,6,TS_UNKNOWN_2 | TS_MAPWHO,0,0,1886,550,50,0,5,TM_OBJECT,19,128,TA_NORTHEAST,0,0,
60846,28072,27742,34522,12784,20592,512,49,80,6,TS_UNKNOWN_2 | TS_MAPWHO,0,0,1886,550,50,0,5,TM_OBJECT,19,128,TA_NORTHEAST,0,0,
60876,28102,27772,32992,13040,20592,512,50,80,6,TS_UNKNOWN_2 | TS_MAPWHO,0,0,1886,550,50,0,5,TM_OBJECT,19,128,TA_NORTHEAST,0,0,
60906,28132,0,28192,15364,20140,384,60,78,6,TS_UNKNOWN_2 | TS_MAPWHO,0,0,1887,551,50,0,5,TM_OBJECT,19,64,TA_SOUTHEAST,0,0,
60936,28162,27802,0,13296,20592,512,51,80,6,TS_UNKNOWN_2 | TS_MAPWHO,0,0,1886,550,50,0,5,TM_OBJECT,19,128,TA_NORTHEAST,0,0,
60966,28192,28132,29872,15364,20028,384,60,78,6,TS_UNKNOWN_2 | TS_MAPWHO,0,0,1887,551,50,0,5,TM_OBJECT,19,64,TA_SOUTHEAST,0,0,
60996,28222,27832,0,13552,20592,512,52,80,6,TS_UNKNOWN_2 | TS_MAPWHO,0,0,1886,550,50,0,5,TM_OBJECT,19,128,TA_NORTHEAST,0,0,
61026,28252,27862,0,13808,20592,512,53,80,6,TS_UNKNOWN_2 | TS_MAPWHO,0,0,1886,550,50,0,5,TM_OBJECT,19,128,TA_NORTHEAST,0,0,
61056,28282,27922,0,14320,20592,512,55,80,6,TS_UNKNOWN_2 | TS_MAPWHO,0,0,1886,550,50,0,5,TM_OBJECT,19,128,TA_NORTHEAST,0,0,
61086,28312,27892,0,14064,20592,512,54,80,6,TS_UNKNOWN_2 | TS_MAPWHO,0,0,1886,550,50,0,5,TM_OBJECT,19,128,TA_NORTHEAST,0,0,
61116,28342,0,29812,24140,23252,512,94,90,6,TS_UNKNOWN_2 | TS_MAPWHO,0,0,1887,551,50,0,5,TM_OBJECT,19,64,TA_SOUTHEAST,0,0,
61146,28372,0,0,25464,22584,512,99,88,6,TS_UNKNOWN_2 | TS_MAPWHO,0,0,1887,551,50,0,5,TM_OBJECT,19,64,TA_SOUTHEAST,0,0,
61176,28402,0,29842,25456,22464,512,99,87,6,TS_UNKNOWN_2 | TS_MAPWHO,0,0,1887,551,50,0,5,TM_OBJECT,19,64,TA_SOUTHEAST,0,0,
61206,28432,0,0,25452,22964,512,99,89,6,TS_UNKNOWN_2 | TS_MAPWHO,0,0,1887,551,50,0,5,TM_OBJECT,19,64,TA_SOUTHEAST,0,0,
61236,28462,0,29962,13432,18152,512,52,70,6,TS_UNKNOWN_2 | TS_MAPWHO,0,0,1887,551,50,0,5,TM_OBJECT,19,64,TA_SOUTHEAST,0,0,
61266,28492,0,0,13936,18928,512,54,73,6,TS_UNKNOWN_2 | TS_MAPWHO,0,0,1887,551,50,0,5,TM_OBJECT,19,64,TA_SOUTHEAST,0,0,
61296,28522,0,28582,12116,14876,384,47,58,6,TS_UNKNOWN_2 | TS_MAPWHO,0,0,1886,550,50,0,5,TM_OBJECT,19,128,TA_NORTHEAST,0,0,
61326,28552,0,0,12372,14876,384,48,58,6,TS_UNKNOWN_2 | TS_MAPWHO,0,0,1886,550,50,0,5,TM_OBJECT,19,128,TA_NORTHEAST,0,0,
61356,28582,28522,0,12244,14876,384,47,58,6,TS_UNKNOWN_2 | TS_MAPWHO,0,0,1886,550,50,0,5,TM_OBJECT,19,128,TA_NORTHEAST,0,0,
61386,28612,0,0,13780,14876,384,53,58,6,TS_UNKNOWN_2 | TS_MAPWHO,0,0,1886,550,50,0,5,TM_OBJECT,19,128,TA_NORTHEAST,0,0,
61416,28642,0,0,13844,14812,384,54,57,6,TS_UNKNOWN_2 | TS_MAPWHO,0,0,1887,551,50,0,5,TM_OBJECT,19,192,TA_NORTHWEST,0,0,
61446,28672,0,28702,11040,6272,512,43,24,6,TS_UNKNOWN_2 | TS_MAPWHO,0,0,1886,550,50,0,5,TM_OBJECT,19,0,TA_SOUTHWEST,0,0,
61476,28702,28672,0,11128,6184,512,43,24,6,TS_UNKNOWN_2 | TS_MAPWHO,0,0,1887,551,50,0,5,TM_OBJECT,19,64,TA_SOUTHEAST,0,0,
61506,28732,0,0,11128,6072,512,43,23,6,TS_UNKNOWN_2 | TS_MAPWHO,0,0,1887,551,50,0,5,TM_OBJECT,19,64,TA_SOUTHEAST,0,0,
61536,28762,0,28792,11128,10536,512,43,41,6,TS_UNKNOWN_2 | TS_MAPWHO,0,0,1887,551,50,0,5,TM_OBJECT,19,64,TA_SOUTHEAST,0,0,
61566,28792,28762,0,11024,10624,512,43,41,6,TS_UNKNOWN_2 | TS_MAPWHO,0,0,1886,550,50,0,5,TM_OBJECT,19,128,TA_NORTHEAST,0,0,
61596,28822,0,0,11008,10288,384,43,40,6,TS_UNKNOWN_2 | TS_MAPWHO,0,0,1887,551,50,0,5,TM_OBJECT,19,192,TA_NORTHWEST,0,0,
61626,28852,0,28882,13332,2924,512,52,11,6,TS_UNKNOWN_2 | TS_MAPWHO,0,0,1887,551,50,0,5,TM_OBJECT,19,192,TA_NORTHWEST,0,0,
61656,28882,28852,0,13336,3048,512,52,11,6,TS_UNKNOWN_2 | TS_MAPWHO,0,0,1887,551,50,0,5,TM_OBJECT,19,192,TA_NORTHWEST,0,0,
61686,28912,0,0,17264,9664,512,67,37,6,TS_UNKNOWN_2 | TS_MAPWHO,0,0,1887,551,50,0,5,TM_OBJECT,19,64,TA_SOUTHEAST,0,0,
61716,28942,0,0,17272,9272,512,67,36,6,TS_UNKNOWN_2 | TS_MAPWHO,0,0,1887,551,50,0,5,TM_OBJECT,19,64,TA_SOUTHEAST,0,0,
61746,28972,0,0,17528,5960,512,68,23,6,TS_UNKNOWN_2 | TS_MAPWHO,0,0,1887,551,50,0,5,TM_OBJECT,19,192,TA_NORTHWEST,0,0,
61776,29002,0,29182,17528,5704,512,68,22,6,TS_UNKNOWN_2 | TS_MAPWHO,0,0,1887,551,50,0,5,TM_OBJECT,19,192,TA_NORTHWEST,0,0,
61806,29032,0,29212,17528,5448,512,68,21,6,TS_UNKNOWN_2 | TS_MAPWHO,0,0,1887,551,50,0,5,TM_OBJECT,19,192,TA_NORTHWEST,0,0,
61836,29062,0,29242,17528,5192,512,68,20,6,TS_UNKNOWN_2 | TS_MAPWHO,0,0,1887,551,50,0,5,TM_OBJECT,19,192,TA_NORTHWEST,0,0,
61866,29092,0,0,17528,3512,512,68,13,6,TS_UNKNOWN_2 | TS_MAPWHO,0,0,1887,551,50,0,5,TM_OBJECT,19,192,TA_NORTHWEST,0,0,
61896,29122,0,29152,17528,3768,512,68,14,6,TS_UNKNOWN_2 | TS_MAPWHO,0,0,1887,551,50,0,5,TM_OBJECT,19,192,TA_NORTHWEST,0,0,
61926,29152,29122,0,17532,3636,512,68,14,6,TS_UNKNOWN_2 | TS_MAPWHO,0,0,1887,551,50,0,5,TM_OBJECT,19,192,TA_NORTHWEST,0,0,
61956,29182,29002,0,17528,5832,512,68,22,6,TS_UNKNOWN_2 | TS_MAPWHO,0,0,1887,551,50,0,5,TM_OBJECT,19,192,TA_NORTHWEST,0,0,
61986,29212,29032,0,17528,5576,512,68,21,6,TS_UNKNOWN_2 | TS_MAPWHO,0,0,1887,551,50,0,5,TM_OBJECT,19,192,TA_NORTHWEST,0,0,
62016,29242,29062,0,17528,5320,512,68,20,6,TS_UNKNOWN_2 | TS_MAPWHO,0,0,1887,551,50,0,5,TM_OBJECT,19,192,TA_NORTHWEST,0,0,
62046,29272,0,29302,17080,6152,384,66,24,6,TS_UNKNOWN_2 | TS_MAPWHO,0,0,1886,550,50,0,5,TM_OBJECT,19,0,TA_SOUTHWEST,0,0,
62076,29302,29272,0,16956,6148,384,66,24,6,TS_UNKNOWN_2 | TS_MAPWHO,0,0,1886,550,50,0,5,TM_OBJECT,19,0,TA_SOUTHWEST,0,0,
62106,29332,0,29362,16048,6272,512,62,24,6,TS_UNKNOWN_2 | TS_MAPWHO,0,0,1886,550,50,0,5,TM_OBJECT,19,0,TA_SOUTHWEST,0,0,
62136,29362,29332,0,16044,6148,384,62,24,6,TS_UNKNOWN_2 | TS_MAPWHO,0,0,1886,550,50,0,5,TM_OBJECT,19,0,TA_SOUTHWEST,0,0,
62166,29392,0,33082,11012,5308,384,43,20,6,TS_UNKNOWN_2 | TS_MAPWHO,0,0,1887,551,50,0,5,TM_OBJECT,19,64,TA_SOUTHEAST,0,0,
62196,29422,0,0,11112,8120,512,43,31,6,TS_UNKNOWN_2 | TS_MAPWHO,0,0,1887,551,50,0,5,TM_OBJECT,19,64,TA_SOUTHEAST,0,0,
62226,29452,0,0,18880,10880,512,73,42,6,TS_UNKNOWN_2 | TS_MAPWHO,0,0,1886,550,50,0,5,TM_OBJECT,19,0,TA_SOUTHWEST,0,0,
62256,29482,0,0,18992,10880,512,74,42,6,TS_UNKNOWN_2 | TS_MAPWHO,0,0,1886,550,50,0,5,TM_OBJECT,19,0,TA_SOUTHWEST,0,0,
62286,29512,0,29572,21392,15648,384,83,61,6,TS_UNKNOWN_2 | TS_MAPWHO,0,0,1886,550,50,0,5,TM_OBJECT,19,128,TA_NORTHEAST,0,0,
62316,29542,0,0,21136,15648,384,82,61,6,TS_UNKNOWN_2 | TS_MAPWHO,0,0,1886,550,50,0,5,TM_OBJECT,19,128,TA_NORTHEAST,0,0,
62346,29572,29512,0,21264,15648,384,83,61,6,TS_UNKNOWN_2 | TS_MAPWHO,0,0,1886,550,50,0,5,TM_OBJECT,19,128,TA_NORTHEAST,0,0,
62376,29602,0,0,21872,19392,768,85,75,6,TS_UNKNOWN_2 | TS_MAPWHO,0,0,2670,553,50,0,5,TM_OBJECT,18,192,TA_NORTHWEST,0,0,
62406,29632,0,0,22416,14880,384,87,58,6,TS_UNKNOWN_2 | TS_MAPWHO,0,0,2671,552,50,0,5,TM_OBJECT,18,0,TA_SOUTHWEST,0,0,
62436,29662,0,0,21924,12908,512,85,50,6,TS_UNKNOWN_2 | TS_MAPWHO,0,0,2671,552,50,0,5,TM_OBJECT,18,128,TA_NORTHEAST,0,0,
62466,29692,0,0,21544,12920,512,84,50,6,TS_UNKNOWN_2 | TS_MAPWHO,0,0,2671,552,50,0,5,TM_OBJECT,18,128,TA_NORTHEAST,0,0,
62496,29722,0,0,17528,5064,512,68,19,6,TS_UNKNOWN_2 | TS_MAPWHO,0,0,2670,553,50,0,5,TM_OBJECT,18,192,TA_NORTHWEST,0,0,
62526,29752,0,0,10900,10620,512,42,41,6,TS_UNKNOWN_2 | TS_MAPWHO,0,0,2671,552,50,0,5,TM_OBJECT,18,0,TA_SOUTHWEST,0,0,
62556,29782,0,0,15480,20680,512,60,80,6,TS_UNKNOWN_2 | TS_MAPWHO,0,0,2670,553,50,0,5,TM_OBJECT,18,192,TA_NORTHWEST,0,0,
62586,29812,28342,0,24120,23112,256,94,90,6,TS_UNKNOWN_2 | TS_MAPWHO,0,0,2460,562,50,0,5,TM_OBJECT,26,192,TA_NORTHWEST,0,0,
62616,29842,28402,0,25416,22456,256,99,87,6,TS_UNKNOWN_2 | TS_MAPWHO,0,0,2460,562,50,0,5,TM_OBJECT,26,192,TA_NORTHWEST,0,0,
62646,29872,28192,0,15400,20120,256,60,78,6,TS_UNKNOWN_2 | TS_MAPWHO,0,0,2460,562,50,0,5,TM_OBJECT,26,192,TA_NORTHWEST,0,0,
62676,29902,27532,0,10548,20540,256,41,80,6,TS_UNKNOWN_2 | TS_MAPWHO,0,0,2460,562,50,0,5,TM_OBJECT,26,192,TA_NORTHWEST,0,0,
62706,29932,0,0,7324,20148,384,28,78,6,TS_UNKNOWN_2 | TS_MAPWHO,0,0,2460,562,50,0,5,TM_OBJECT,26,192,TA_NORTHWEST,0,0,
62736,29962,28462,0,13368,18040,256,52,70,6,TS_UNKNOWN_2 | TS_MAPWHO,0,0,2460,562,50,0,5,TM_OBJECT,26,192,TA_NORTHWEST,0,0,
62766,29992,0,30022,21304,18280,256,83,71,6,TS_UNKNOWN_2 | TS_MAPWHO,0,0,2460,562,50,0,5,TM_OBJECT,26,192,TA_NORTHWEST,0,0,
62796,30022,29992,0,21300,18396,256,83,71,6,TS_UNKNOWN_2 | TS_MAPWHO,0,0,2460,562,50,0,5,TM_OBJECT,26,192,TA_NORTHWEST,0,0,
62826,30052,0,0,21304,18520,256,83,72,6,TS_UNKNOWN_2 | TS_MAPWHO,0,0,2460,562,50,0,5,TM_OBJECT,26,192,TA_NORTHWEST,0,0,
62856,30082,0,0,24920,15464,256,97,60,6,TS_UNKNOWN_2 | TS_MAPWHO,0,0,2460,562,50,0,5,TM_OBJECT,26,192,TA_NORTHWEST,0,0,
62886,30112,0,0,19952,15424,256,77,60,6,TS_UNKNOWN_2 | TS_MAPWHO,0,0,2460,562,50,0,5,TM_OBJECT,26,192,TA_NORTHWEST,0,0,
62916,30142,0,0,19560,15304,256,76,59,4,TS_MAPWHO,0,1085,4723,1085,40,0,5,TM_OBJECT,12,0,TA_SOUTHWEST,0,0,
62946,30172,0,0,15368,19624,256,60,76,6,TS_UNKNOWN_2 | TS_MAPWHO,0,0,2725,619,50,0,5,TM_OBJECT,1,64,TA_SOUTHEAST,0,0,
62976,30202,0,0,13436,7140,384,52,27,6,TS_UNKNOWN_2 | TS_MAPWHO,256,0,2725,619,50,0,5,TM_OBJECT,1,64,TA_SOUTHEAST,0,0,
63006,30232,0,32362,4208,18704,256,16,73,6,TS_UNKNOWN_2 | TS_MAPWHO,0,0,2724,618,50,0,5,TM_OBJECT,1,128,TA_NORTHEAST,0,0,
63036,30262,0,0,22660,20892,256,88,81,6,TS_UNKNOWN_2 | TS_MAPWHO,0,0,2521,561,50,0,5,TM_OBJECT,25,128,TA_NORTHEAST,0,0,
63066,30292,0,0,8784,20880,256,34,81,6,TS_UNKNOWN_2 | TS_MAPWHO,0,0,2521,561,50,0,5,TM_OBJECT,25,128,TA_NORTHEAST,0,0,
63096,30322,0,0,2648,19592,256,10,76,6,TS_UNKNOWN_2 | TS_MAPWHO,0,0,2521,561,50,0,5,TM_OBJECT,25,128,TA_NORTHEAST,0,0,
63126,30352,0,0,7820,16692,256,30,65,6,TS_UNKNOWN_2 | TS_MAPWHO,0,0,2521,561,50,0,5,TM_OBJECT,25,128,TA_NORTHEAST,0,0,
63156,30382,0,0,11860,15756,256,46,61,6,TS_UNKNOWN_2 | TS_MAPWHO,0,0,2521,561,50,0,5,TM_OBJECT,25,128,TA_NORTHEAST,0,0,
63186,30412,0,0,8784,10640,256,34,41,6,TS_UNKNOWN_2 | TS_MAPWHO,0,0,2521,561,50,0,5,TM_OBJECT,25,128,TA_NORTHEAST,0,0,
63216,30442,0,0,13944,2392,256,54,9,6,TS_UNKNOWN_2 | TS_MAPWHO,0,0,2521,561,50,0,5,TM_OBJECT,25,128,TA_NORTHEAST,0,0,
63246,30472,0,0,17532,2372,256,68,9,6,TS_UNKNOWN_2 | TS_MAPWHO,0,0,2521,561,50,0,5,TM_OBJECT,25,128,TA_NORTHEAST,0,0,
63276,30502,0,0,18520,6520,256,72,25,6,TS_UNKNOWN_2 | TS_MAPWHO,0,0,2521,561,50,0,5,TM_OBJECT,25,128,TA_NORTHEAST,0,0,
63306,30532,0,0,17532,7476,256,68,29,6,TS_UNKNOWN_2 | TS_MAPWHO,0,0,2521,561,50,0,5,TM_OBJECT,25,128,TA_NORTHEAST,0,0,
63336,30562,0,0,24464,11232,256,95,43,6,TS_UNKNOWN_2 | TS_MAPWHO,0,1,1396,227,50,0,5,TM_OBJECT,22,128,TA_NORTHEAST,0,0,
63366,30592,0,0,24812,11236,256,96,43,6,TS_UNKNOWN_2 | TS_MAPWHO,0,1,1396,227,50,0,5,TM_OBJECT,22,128,TA_NORTHEAST,0,0,
63396,30622,0,0,24888,10792,256,97,42,6,TS_UNKNOWN_2 | TS_MAPWHO,0,1,1396,227,50,0,5,TM_OBJECT,22,128,TA_NORTHEAST,0,0,
63426,30652,0,0,24924,10388,256,97,40,6,TS_UNKNOWN_2 | TS_MAPWHO,0,1,1396,227,50,0,5,TM_OBJECT,22,128,TA_NORTHEAST,0,0,
63456,30682,0,0,24880,8688,256,97,33,6,TS_UNKNOWN_2 | TS_MAPWHO,0,1,1396,227,50,0,5,TM_OBJECT,22,128,TA_NORTHEAST,0,0,
63486,30712,0,0,24884,8284,256,97,32,6,TS_UNKNOWN_2 | TS_MAPWHO,0,1,1396,227,50,0,5,TM_OBJECT,22,128,TA_NORTHEAST,0,0,
63516,30742,0,0,24912,7856,256,97,30,6,TS_UNKNOWN_2 | TS_MAPWHO,0,1,1396,227,50,0,5,TM_OBJECT,22,128,TA_NORTHEAST,0,0,
63546,30772,0,0,24200,7848,256,94,30,6,TS_UNKNOWN_2 | TS_MAPWHO,0,1,1396,227,50,0,5,TM_OBJECT,22,128,TA_NORTHEAST,0,0,
63576,30802,0,0,23520,7856,256,91,30,6,TS_UNKNOWN_2 | TS_MAPWHO,0,1,1396,227,50,0,5,TM_OBJECT,22,128,TA_NORTHEAST,0,0,
63606,30832,0,0,22836,8764,256,89,34,6,TS_UNKNOWN_2 | TS_MAPWHO,0,1,1396,227,50,0,5,TM_OBJECT,22,128,TA_NORTHEAST,0,0,
63636,30862,0,0,22876,7876,256,89,30,6,TS_UNKNOWN_2 | TS_MAPWHO,0,1,1396,227,50,0,5,TM_OBJECT,22,128,TA_NORTHEAST,0,0,
63666,30892,0,0,22824,8296,256,89,32,6,TS_UNKNOWN_2 | TS_MAPWHO,0,1,1396,227,50,0,5,TM_OBJECT,22,128,TA_NORTHEAST,0,0,
63696,30922,0,0,22828,10388,256,89,40,6,TS_UNKNOWN_2 | TS_MAPWHO,0,1,1396,227,50,0,5,TM_OBJECT,22,128,TA_NORTHEAST,0,0,
63726,30952,0,0,0,0,0,0,0,0,TS_NONE,0,0,0,0,0,0,0,TM_NONE,0,0,TA_SOUTHWEST,0,0,
63756,30982,0,0,0,0,0,0,0,0,TS_NONE,0,0,0,0,0,0,0,TM_NONE,0,0,TA_SOUTHWEST,0,0,
63786,31012,0,0,0,0,0,0,0,0,TS_NONE,0,0,0,0,0,0,0,TM_NONE,0,0,TA_SOUTHWEST,0,0,
63816,31042,0,0,0,0,0,0,0,0,TS_NONE,0,0,0,0,0,0,0,TM_NONE,0,0,TA_SOUTHWEST,0,0,
63846,31072,0,0,0,0,0,0,0,0,TS_NONE,0,0,0,0,0,0,0,TM_NONE,0,0,TA_SOUTHWEST,0,0,
63876,31102,0,0,17964,17492,256,70,68,6,TS_UNKNOWN_2 | TS_MAPWHO,0,2,1401,230,50,0,5,TM_OBJECT,22,128,TA_NORTHEAST,0,0,
63906,31132,0,0,18396,17476,256,71,68,6,TS_UNKNOWN_2 | TS_MAPWHO,0,2,1401,230,50,0,5,TM_OBJECT,22,128,TA_NORTHEAST,0,0,
63936,31162,0,0,18840,17464,256,73,68,6,TS_UNKNOWN_2 | TS_MAPWHO,0,2,1401,230,50,0,5,TM_OBJECT,22,128,TA_NORTHEAST,0,0,
63966,31192,0,0,7772,14692,256,30,57,6,TS_UNKNOWN_2 | TS_MAPWHO,0,2,1401,230,50,0,5,TM_OBJECT,22,128,TA_NORTHEAST,0,0,
63996,31222,0,31762,7804,14484,256,30,56,6,TS_UNKNOWN_2 | TS_MAPWHO,0,2,1401,230,50,0,5,TM_OBJECT,22,128,TA_NORTHEAST,0,0,
64026,31252,0,0,8120,14536,256,31,56,6,TS_UNKNOWN_2 | TS_MAPWHO,0,2,1401,230,50,0,5,TM_OBJECT,22,128,TA_NORTHEAST,0,0,
64056,31282,0,0,8240,14672,256,32,57,6,TS_UNKNOWN_2 | TS_MAPWHO,0,2,1401,230,50,0,5,TM_OBJECT,22,128,TA_NORTHEAST,0,0,
64086,31312,0,0,9044,13116,256,35,51,6,TS_UNKNOWN_2 | TS_MAPWHO,0,2,1401,230,50,0,5,TM_OBJECT,22,128,TA_NORTHEAST,0,0,
64116,31342,0,0,9240,12824,256,36,50,6,TS_UNKNOWN_2 | TS_MAPWHO,0,2,1401,230,50,0,5,TM_OBJECT,22,128,TA_NORTHEAST,0,0,
64146,31372,0,31732,7996,12628,256,31,49,6,TS_UNKNOWN_2 | TS_MAPWHO,0,2,1401,230,50,0,5,TM_OBJECT,22,128,TA_NORTHEAST,0,0,
64176,31402,0,31432,8168,13240,256,31,51,6,TS_UNKNOWN_2 | TS_MAPWHO,0,2,1401,230,50,0,5,TM_OBJECT,22,128,TA_NORTHEAST,0,0,
64206,31432,31402,31462,7980,13204,256,31,51,6,TS_UNKNOWN_2 | TS_MAPWHO,0,2,1401,230,50,0,5,TM_OBJECT,22,128,TA_NORTHEAST,0,0,
64236,31462,31432,0,8052,13292,256,31,51,6,TS_UNKNOWN_2 | TS_MAPWHO,0,2,1401,230,50,0,5,TM_OBJECT,22,128,TA_NORTHEAST,0,0,
64266,31492,0,31522,10420,13932,256,40,54,6,TS_UNKNOWN_2 | TS_MAPWHO,0,2,1401,230,50,0,5,TM_OBJECT,22,128,TA_NORTHEAST,0,0,
64296,31522,31492,31552,10300,14068,256,40,54,6,TS_UNKNOWN_2 | TS_MAPWHO,0,2,1401,230,50,0,5,TM_OBJECT,22,128,TA_NORTHEAST,0,0,
64326,31552,31522,0,10424,14056,256,40,54,6,TS_UNKNOWN_2 | TS_MAPWHO,0,2,1401,230,50,0,5,TM_OBJECT,22,128,TA_NORTHEAST,0,0,
64356,31582,0,31612,9580,15012,256,37,58,6,TS_UNKNOWN_2 | TS_MAPWHO,0,2,1401,230,50,0,5,TM_OBJECT,22,128,TA_NORTHEAST,0,0,
64386,31612,31582,31642,9656,14936,256,37,58,6,TS_UNKNOWN_2 | TS_MAPWHO,0,2,1401,230,50,0,5,TM_OBJECT,22,128,TA_NORTHEAST,0,0,
64416,31642,31612,0,9592,14952,256,37,58,6,TS_UNKNOWN_2 | TS_MAPWHO,0,1,1396,227,50,0,5,TM_OBJECT,22,128,TA_NORTHEAST,0,0,
64446,31672,0,0,9056,13040,256,35,50,6,TS_UNKNOWN_2 | TS_MAPWHO,0,1,1396,227,50,0,5,TM_OBJECT,22,128,TA_NORTHEAST,0,0,
64476,31702,0,0,8004,13356,256,31,52,6,TS_UNKNOWN_2 | TS_MAPWHO,0,1,1396,227,50,0,5,TM_OBJECT,22,128,TA_NORTHEAST,0,0,
64506,31732,31372,31882,7952,12688,256,31,49,6,TS_UNKNOWN_2 | TS_MAPWHO,0,1,1396,227,50,0,5,TM_OBJECT,22,128,TA_NORTHEAST,0,0,
64536,31762,31222,0,7868,14580,256,30,56,6,TS_UNKNOWN_2 | TS_MAPWHO,0,1,1396,227,50,0,5,TM_OBJECT,22,128,TA_NORTHEAST,0,0,
64566,31792,0,0,8608,14464,256,33,56,6,TS_UNKNOWN_2 | TS_MAPWHO,0,3,1409,233,50,0,5,TM_OBJECT,22,128,TA_NORTHEAST,0,0,
64596,31822,0,0,8624,13840,256,33,54,6,TS_UNKNOWN_2 | TS_MAPWHO,0,3,1409,233,50,0,5,TM_OBJECT,22,128,TA_NORTHEAST,0,0,
64626,31852,0,0,7696,13344,256,30,52,6,TS_UNKNOWN_2 | TS_MAPWHO,0,3,1409,233,50,0,5,TM_OBJECT,22,128,TA_NORTHEAST,0,0,
64656,31882,31732,0,8108,12676,256,31,49,6,TS_UNKNOWN_2 | TS_MAPWHO,0,3,1409,233,50,0,5,TM_OBJECT,22,128,TA_NORTHEAST,0,0,
64686,31912,0,0,9304,12744,256,36,49,6,TS_UNKNOWN_2 | TS_MAPWHO,0,3,1409,233,50,0,5,TM_OBJECT,22,128,TA_NORTHEAST,0,0,
64716,31942,0,0,10304,12432,256,40,48,6,TS_UNKNOWN_2 | TS_MAPWHO,0,3,1409,233,50,0,5,TM_OBJECT,22,128,TA_NORTHEAST,0,0,
64746,31972,0,0,10184,12408,256,39,48,6,TS_UNKNOWN_2 | TS_MAPWHO,0,3,1409,233,50,0,5,TM_OBJECT,22,128,TA_NORTHEAST,0,0,
64776,32002,0,0,10320,12544,256,40,49,6,TS_UNKNOWN_2 | TS_MAPWHO,0,3,1409,233,50,0,5,TM_OBJECT,22,128,TA_NORTHEAST,0,0,
64806,32032,0,0,9720,13768,256,37,53,6,TS_UNKNOWN_2 | TS_MAPWHO,0,3,1409,233,50,0,5,TM_OBJECT,22,128,TA_NORTHEAST,0,0,
64836,32062,0,0,16944,11920,512,66,46,6,TS_UNKNOWN_2 | TS_MAPWHO,0,1051,4642,1051,50,0,5,TM_OBJECT,10,128,TA_NORTHEAST,0,0,
64866,32092,0,0,16960,11264,512,66,44,6,TS_UNKNOWN_2 | TS_MAPWHO,0,1051,4861,1051,50,0,5,TM_OBJECT,10,128,TA_NORTHEAST,0,0,
64896,32122,0,0,17392,15424,512,67,60,6,TS_UNKNOWN_2 | TS_MAPWHO,0,1057,4649,1057,50,0,5,TM_OBJECT,10,128,TA_NORTHEAST,0,0,
64926,32152,0,0,21988,15724,512,85,61,6,TS_UNKNOWN_2 | TS_MAPWHO,0,1055,4680,1056,50,0,5,TM_OBJECT,10,64,TA_SOUTHEAST,0,0,
64956,32182,0,0,18776,15432,640,73,60,6,TS_UNKNOWN_2 | TS_MAPWHO,0,1063,4982,1063,50,0,5,TM_OBJECT,10,128,TA_NORTHEAST,0,0,
64986,32212,0,0,10304,20608,640,40,80,6,TS_UNKNOWN_2 | TS_MAPWHO,0,1067,4939,1067,50,0,5,TM_OBJECT,10,128,TA_NORTHEAST,0,0,
65016,32242,0,32272,8728,20008,256,34,78,6,TS_UNKNOWN_2 | TS_MAPWHO,0,1061,4652,1061,50,0,5,TM_OBJECT,10,128,TA_NORTHEAST,0,0,
65046,32272,32242,0,8860,20148,256,34,78,6,TS_UNKNOWN_2 | TS_MAPWHO,0,1063,4655,1063,50,0,5,TM_OBJECT,10,128,TA_NORTHEAST,0,0,
65076,32302,0,0,8996,20284,256,35,79,6,TS_UNKNOWN_2 | TS_MAPWHO,0,1065,4928,1065,50,0,5,TM_OBJECT,10,128,TA_NORTHEAST,0,0,
65106,32332,0,0,6932,20172,640,27,78,6,TS_UNKNOWN_2 | TS_MAPWHO,0,1065,4962,1066,50,0,5,TM_OBJECT,10,192,TA_NORTHWEST,0,0,
65136,32362,30232,0,4248,18760,640,16,73,6,TS_UNKNOWN_2 | TS_MAPWHO,0,1067,4937,1067,50,0,5,TM_OBJECT,10,0,TA_SOUTHWEST,0,0,
65166,32392,0,0,4456,18424,640,17,71,6,TS_UNKNOWN_2 | TS_MAPWHO,0,1053,4868,1053,50,0,5,TM_OBJECT,10,0,TA_SOUTHWEST,0,0,
65196,32422,0,32452,6936,18456,384,27,72,6,TS_UNKNOWN_2 | TS_MAPWHO,0,1073,4973,1074,50,0,5,TM_OBJECT,10,192,TA_NORTHWEST,0,0,
65226,32452,32422,0,7016,18536,384,27,72,6,TS_UNKNOWN_2 | TS_MAPWHO,0,1073,4971,1074,50,0,5,TM_OBJECT,10,192,TA_NORTHWEST,0,0,
65256,32482,0,0,14856,20824,512,58,81,6,TS_UNKNOWN_2 | TS_MAPWHO,0,1053,4678,1054,50,0,5,TM_OBJECT,10,64,TA_SOUTHEAST,0,0,
65286,32512,0,0,19312,19344,256,75,75,6,TS_UNKNOWN_2 | TS_MAPWHO,0,1059,4897,1059,50,0,5,TM_OBJECT,10,128,TA_NORTHEAST,0,0,
65316,32542,0,32572,19456,19488,256,76,76,6,TS_UNKNOWN_2 | TS_MAPWHO,0,1057,5003,1057,50,0,5,TM_OBJECT,10,128,TA_NORTHEAST,0,0,
65346,32572,32542,0,19600,19632,256,76,76,6,TS_UNKNOWN_2 | TS_MAPWHO,0,1063,4982,1063,50,0,5,TM_OBJECT,10,128,TA_NORTHEAST,0,0,
65376,32602,0,32632,21364,17004,256,83,66,6,TS_UNKNOWN_2 | TS_MAPWHO,0,1071,4963,1072,50,0,5,TM_OBJECT,10,192,TA_NORTHWEST,0,0,
65406,32632,32602,0,21436,17076,256,83,66,6,TS_UNKNOWN_2 | TS_MAPWHO,0,1067,4945,1068,50,0,5,TM_OBJECT,10,192,TA_NORTHWEST,0,0,
65436,32662,0,0,21516,17156,256,84,67,6,TS_UNKNOWN_2 | TS_MAPWHO,0,1069,4947,1070,50,0,5,TM_OBJECT,10,192,TA_NORTHWEST,0,0,
65466,32692,0,0,25056,21984,256,97,85,6,TS_UNKNOWN_2 | TS_MAPWHO,0,1069,4946,1070,50,0,5,TM_OBJECT,10,192,TA_NORTHWEST,0,0,
65496,32722,0,0,24544,16176,256,95,63,6,TS_UNKNOWN_2 | TS_MAPWHO,0,1069,4955,1069,50,0,5,TM_OBJECT,10,0,TA_SOUTHWEST,0,0,
65526,32752,0,0,24684,16324,256,96,63,6,TS_UNKNOWN_2 | TS_MAPWHO,0,1063,4987,1063,50,0,5,TM_OBJECT,10,0,TA_SOUTHWEST,0,0,
65556,32782,0,0,16596,6236,1152,64,24,4,TS_MAPWHO,0,572,2560,572,50,0,5,TM_OBJECT,31,192,TA_NORTHWEST,0,0,
65586,32812,0,0,6972,17460,1152,27,68,6,TS_UNKNOWN_2 | TS_MAPWHO,0,575,2757,575,50,0,5,TM_OBJECT,31,128,TA_NORTHEAST,0,0,
65616,32842,0,0,4912,17984,1152,19,70,6,TS_UNKNOWN_2 | TS_MAPWHO,0,570,2534,570,50,0,5,TM_OBJECT,31,128,TA_NORTHEAST,0,0,
65646,32872,0,0,19824,15744,896,77,61,6,TS_UNKNOWN_2 | TS_MAPWHO,0,571,9,571,50,0,5,TM_OBJECT,31,128,TA_NORTHEAST,0,0,
65676,32902,0,0,16616,15480,256,64,60,6,TS_UNKNOWN_2 | TS_MAPWHO,0,0,2288,558,50,0,5,TM_OBJECT,22,128,TA_NORTHEAST,0,0,
65706,32932,0,0,16944,15472,256,66,60,6,TS_UNKNOWN_2 | TS_MAPWHO,0,0,2288,558,50,0,5,TM_OBJECT,22,128,TA_NORTHEAST,0,0,
65736,32962,27952,0,11764,20572,256,45,80,6,TS_UNKNOWN_2 | TS_MAPWHO,0,0,2288,558,50,0,5,TM_OBJECT,22,128,TA_NORTHEAST,0,0,
65766,32992,28102,0,13044,20572,256,50,80,6,TS_UNKNOWN_2 | TS_MAPWHO,0,0,2288,558,50,0,5,TM_OBJECT,22,128,TA_NORTHEAST,0,0,
65796,33022,0,0,2844,18788,256,11,73,6,TS_UNKNOWN_2 | TS_MAPWHO,0,0,2288,558,50,0,5,TM_OBJECT,22,128,TA_NORTHEAST,0,0,
65826,33052,0,0,11024,5744,256,43,22,6,TS_UNKNOWN_2 | TS_MAPWHO,0,0,2288,558,50,0,5,TM_OBJECT,22,192,TA_NORTHWEST,0,0,
65856,33082,29392,0,11032,5256,256,43,20,6,TS_UNKNOWN_2 | TS_MAPWHO,0,0,2288,558,50,0,5,TM_OBJECT,22,192,TA_NORTHWEST,0,0,
65886,33112,0,0,0,0,0,0,0,0,TS_NONE,0,0,0,0,0,0,0,TM_NONE,0,0,TA_SOUTHWEST,0,0,
65916,33142,0,0,0,0,0,0,0,0,TS_NONE,0,0,0,0,0,0,0,TM_NONE,0,0,TA_SOUTHWEST,0,0,
65946,33172,0,0,24836,12668,896,97,49,6,TS_UNKNOWN_2 | TS_MAPWHO,0,573,2850,573,50,0,5,TM_OBJECT,31,192,TA_NORTHWEST,0,0,
65976,33202,0,0,24888,12056,512,97,47,6,TS_UNKNOWN_2 | TS_MAPWHO,0,1073,4697,1074,50,0,5,TM_OBJECT,10,192,TA_NORTHWEST,0,0,
66006,33232,0,0,24872,12344,512,97,48,6,TS_UNKNOWN_2 | TS_MAPWHO,0,1073,4974,1074,50,0,5,TM_OBJECT,10,192,TA_NORTHWEST,0,0,
66036,33262,0,0,21624,17928,1152,84,70,6,TS_UNKNOWN_2 | TS_MAPWHO,0,575,2759,575,50,0,5,TM_OBJECT,31,0,TA_SOUTHWEST,0,0,
66066,33292,0,0,14936,15768,256,58,61,6,TS_UNKNOWN_2 | TS_MAPWHO,0,0,2521,561,50,0,5,TM_OBJECT,25,0,TA_SOUTHWEST,0,0,
66096,33322,0,0,18512,15776,256,72,61,6,TS_UNKNOWN_2 | TS_MAPWHO,0,0,2521,561,50,0,5,TM_OBJECT,25,0,TA_SOUTHWEST,0,0,
66126,33352,0,0,22648,16728,256,88,65,6,TS_UNKNOWN_2 | TS_MAPWHO,0,0,2521,561,50,0,5,TM_OBJECT,25,0,TA_SOUTHWEST,0,0,
66156,33382,0,0,25224,7480,256,98,29,6,TS_UNKNOWN_2 | TS_MAPWHO,0,0,2521,561,50,0,5,TM_OBJECT,25,0,TA_SOUTHWEST,0,0,
66186,33412,0,33442,17244,17764,1408,67,69,6,TS_UNKNOWN_2 | TS_MAPWHO,0,1071,4965,1072,50,0,5,TM_OBJECT,10,64,TA_SOUTHEAST,0,0,
66216,33442,33412,0,17212,17732,1280,67,69,6,TS_UNKNOWN_2 | TS_MAPWHO,0,1073,4971,1074,50,0,5,TM_OBJECT,10,64,TA_SOUTHEAST,0,0,
66246,33472,0,0,15296,16848,256,59,65,6,TS_UNKNOWN_2 | TS_MAPWHO,0,1073,4665,1073,50,0,5,TM_OBJECT,10,128,TA_NORTHEAST,0,0,
66276,33502,0,0,15896,17448,768,62,68,6,TS_UNKNOWN_2 | TS_MAPWHO,0,1071,4956,1071,50,0,5,TM_OBJECT,10,128,TA_NORTHEAST,0,0,
66306,33532,0,0,7020,17860,640,27,69,6,TS_UNKNOWN_2 | TS_MAPWHO,0,1049,4852,1049,50,0,5,TM_OBJECT,10,128,TA_NORTHEAST,0,0,
66336,33562,0,0,12268,12292,1024,47,48,6,TS_UNKNOWN_2 | TS_MAPWHO,0,570,2548,570,50,0,5,TM_OBJECT,31,128,TA_NORTHEAST,0,0,
66366,33592,0,0,13400,8376,896,52,32,6,TS_UNKNOWN_2 | TS_MAPWHO,0,575,2759,575,50,0,5,TM_OBJECT,31,192,TA_NORTHWEST,0,0,
66396,33622,0,0,13408,6336,896,52,24,6,TS_UNKNOWN_2 | TS_MAPWHO,0,573,2851,573,50,0,5,TM_OBJECT,31,192,TA_NORTHWEST,0,0,
66426,33652,0,33682,15164,13620,1280,59,53,6,TS_UNKNOWN_2 | TS_MAPWHO,0,1075,4667,1075,50,0,5,TM_OBJECT,10,128,TA_NORTHEAST,0,0,
66456,33682,33652,0,15240,13624,1280,59,53,6,TS_UNKNOWN_2 | TS_MAPWHO,0,1073,4968,1073,50,0,5,TM_OBJECT,10,128,TA_NORTHEAST,0,0,
66486,33712,0,33922,15496,13624,1280,60,53,6,TS_UNKNOWN_2 | TS_MAPWHO,0,1073,4966,1073,50,0,5,TM_OBJECT,10,128,TA_NORTHEAST,0,0,
66516,33742,0,33952,15752,13624,1280,61,53,6,TS_UNKNOWN_2 | TS_MAPWHO,0,1073,4970,1073,50,0,5,TM_OBJECT,10,128,TA_NORTHEAST,0,0,
66546,33772,0,33982,15880,13496,1280,62,52,6,TS_UNKNOWN_2 | TS_MAPWHO,0,1073,4973,1074,50,0,5,TM_OBJECT,10,192,TA_NORTHWEST,0,0,
66576,33802,0,34012,15880,13240,1280,62,51,6,TS_UNKNOWN_2 | TS_MAPWHO,0,1073,4973,1074,50,0,5,TM_OBJECT,10,192,TA_NORTHWEST,0,0,
66606,33832,0,34042,15880,12984,1280,62,50,6,TS_UNKNOWN_2 | TS_MAPWHO,0,1073,4975,1074,50,0,5,TM_OBJECT,10,192,TA_NORTHWEST,0,0,
66636,33862,0,34072,15880,12728,1280,62,49,6,TS_UNKNOWN_2 | TS_MAPWHO,0,1073,4974,1074,50,0,5,TM_OBJECT,10,192,TA_NORTHWEST,0,0,
66666,33892,0,34102,15880,12472,1280,62,48,6,TS_UNKNOWN_2 | TS_MAPWHO,0,1073,4698,1074,50,0,5,TM_OBJECT,10,192,TA_NORTHWEST,0,0,
66696,33922,33712,0,15420,13620,1280,60,53,6,TS_UNKNOWN_2 | TS_MAPWHO,0,1075,4667,1075,50,0,5,TM_OBJECT,10,0,TA_SOUTHWEST,0,0,
66726,33952,33742,0,15676,13620,1280,61,53,6,TS_UNKNOWN_2 | TS_MAPWHO,0,1075,4668,1075,50,0,5,TM_OBJECT,10,0,TA_SOUTHWEST,0,0,
66756,33982,33772,0,15892,13436,1280,62,52,6,TS_UNKNOWN_2 | TS_MAPWHO,0,1075,4700,1076,50,0,5,TM_OBJECT,10,192,TA_NORTHWEST,0,0,
66786,34012,33802,0,15892,13180,1280,62,51,6,TS_UNKNOWN_2 | TS_MAPWHO,0,1075,4983,1076,50,0,5,TM_OBJECT,10,192,TA_NORTHWEST,0,0,
66816,34042,33832,0,15892,12924,1280,62,50,6,TS_UNKNOWN_2 | TS_MAPWHO,0,1075,4700,1076,50,0,5,TM_OBJECT,10,192,TA_NORTHWEST,0,0,
66846,34072,33862,0,15892,12668,1280,62,49,6,TS_UNKNOWN_2 | TS_MAPWHO,0,1075,4699,1076,50,0,5,TM_OBJECT,10,192,TA_NORTHWEST,0,0,
66876,34102,33892,0,15892,12412,1280,62,48,6,TS_UNKNOWN_2 | TS_MAPWHO,0,1075,4984,1076,50,0,5,TM_OBJECT,10,192,TA_NORTHWEST,0,0,
66906,34132,0,0,13368,9480,640,52,37,6,TS_UNKNOWN_2 | TS_MAPWHO,0,1069,4946,1070,50,0,5,TM_OBJECT,10,192,TA_NORTHWEST,0,0,
66936,34162,0,0,13224,11016,512,51,43,6,TS_UNKNOWN_2 | TS_MAPWHO,0,1065,4926,1065,50,0,5,TM_OBJECT,10,0,TA_SOUTHWEST,0,0,
66966,34192,0,0,11440,14272,256,44,55,6,TS_UNKNOWN_2 | TS_MAPWHO,0,1063,4986,1063,50,0,5,TM_OBJECT,10,128,TA_NORTHEAST,0,0,
66996,34222,0,0,11584,14416,256,45,56,6,TS_UNKNOWN_2 | TS_MAPWHO,0,1061,4992,1061,50,0,5,TM_OBJECT,10,128,TA_NORTHEAST,0,0,
67026,34252,0,0,18276,10364,256,71,40,6,TS_UNKNOWN_2 | TS_MAPWHO,0,1073,4966,1073,50,0,5,TM_OBJECT,10,128,TA_NORTHEAST,0,0,
67056,34282,0,0,13920,14448,512,54,56,6,TS_UNKNOWN_2 | TS_MAPWHO,0,1071,4961,1072,50,0,5,TM_OBJECT,10,64,TA_SOUTHEAST,0,0,
67086,34312,0,0,13500,14516,1408,52,56,6,TS_UNKNOWN_2 | TS_MAPWHO,0,0,0,565,50,0,5,TM_OBJECT,28,64,TA_SOUTHEAST,0,0,
67116,34342,0,34372,13932,13492,640,54,52,6,TS_UNKNOWN_2 | TS_MAPWHO,0,0,0,565,50,0,5,TM_OBJECT,28,64,TA_SOUTHEAST,0,0,
67146,34372,34342,34402,13932,13492,640,54,52,6,TS_UNKNOWN_2 | TS_MAPWHO,0,0,0,565,50,0,5,TM_OBJECT,28,64,TA_SOUTHEAST,0,0,
67176,34402,34372,34432,13824,13504,512,54,52,6,TS_UNKNOWN_2 | TS_MAPWHO,0,0,0,565,50,0,5,TM_OBJECT,28,64,TA_SOUTHEAST,0,0,
67206,34432,34402,34462,13908,13500,512,54,52,6,TS_UNKNOWN_2 | TS_MAPWHO,0,0,0,565,50,0,5,TM_OBJECT,28,64,TA_SOUTHEAST,0,0,
67236,34462,34432,34492,13940,13516,512,54,52,6,TS_UNKNOWN_2 | TS_MAPWHO,0,0,0,565,50,0,5,TM_OBJECT,28,64,TA_SOUTHEAST,0,0,
67266,34492,34462,0,13940,13516,512,54,52,6,TS_UNKNOWN_2 | TS_MAPWHO,0,0,0,565,50,0,5,TM_OBJECT,28,64,TA_SOUTHEAST,0,0,
67296,34522,28072,0,12668,20484,1024,49,80,6,TS_UNKNOWN_2 | TS_MAPWHO,0,570,2540,570,50,0,5,TM_OBJECT,31,64,TA_SOUTHEAST,0,0,
67326,34552,0,0,6948,19292,384,27,75,6,TS_UNKNOWN_2 | TS_MAPWHO,0,0,2288,558,50,0,5,TM_OBJECT,22,64,TA_SOUTHEAST,0,0,
67356,34582,0,0,6936,17240,384,27,67,6,TS_UNKNOWN_2 | TS_MAPWHO,0,0,2288,558,50,0,5,TM_OBJECT,22,128,TA_NORTHEAST,0,0,
67386,34612,0,0,13356,9780,256,52,38,6,TS_UNKNOWN_2 | TS_MAPWHO,0,0,2460,562,50,0,5,TM_OBJECT,26,192,TA_NORTHWEST,0,0,
67416,34642,0,0,13352,3624,256,52,14,6,TS_UNKNOWN_2 | TS_MAPWHO,0,0,2460,562,50,0,5,TM_OBJECT,26,192,TA_NORTHWEST,0,0,
67446,34672,0,0,14464,7040,512,56,27,6,TS_UNKNOWN_2 | TS_MAPWHO,0,0,4634,1043,100,0,5,TM_OBJECT,8,137,TA_NORTHEAST,0,0,
67476,34702,0,0,17020,11636,1024,66,45,6,TS_UNKNOWN_2 | TS_MAPWHO,0,575,2757,575,50,0,5,TM_OBJECT,31,192,TA_NORTHWEST,0,0,
67506,34732,0,34762,17160,9752,256,67,38,6,TS_UNKNOWN_2 | TS_MAPWHO,0,0,2725,619,50,0,5,TM_OBJECT,1,192,TA_NORTHWEST,0,0,
67536,34762,34732,0,17232,9792,640,67,38,6,TS_UNKNOWN_2 | TS_MAPWHO,0,1073,4697,1074,50,0,5,TM_OBJECT,10,192,TA_NORTHWEST,0,0,
67566,34792,0,0,11016,8520,256,43,33,6,TS_UNKNOWN_2 | TS_MAPWHO,0,0,2288,558,50,0,5,TM_OBJECT,22,192,TA_NORTHWEST,0,0,
67596,34822,0,0,11124,7116,384,43,27,6,TS_UNKNOWN_2 | TS_MAPWHO,0,0,2288,558,50,0,5,TM_OBJECT,22,192,TA_NORTHWEST,0,0,
67626,34852,0,0,0,0,0,0,0,0,TS_NONE,0,0,0,0,0,0,0,TM_NONE,0,0,TA_SOUTHWEST,0,0,
67656,34882,0,0,0,0,0,0,0,0,TS_NONE,0,0,0,0,0,0,0,TM_NONE,0,0,TA_SOUTHWEST,0,0,
67686,34912,0,0,0,0,0,0,0,0,TS_NONE,0,0,0,0,0,0,0,TM_NONE,0,0,TA_SOUTHWEST,0,0,
67716,34942,0,0,0,0,0,0,0,0,TS_NONE,0,0,0,0,0,0,0,TM_NONE,0,0,TA_SOUTHWEST,0,0,
67746,34972,0,0,0,0,0,0,0,0,TS_NONE,0,0,0,0,0,0,0,TM_NONE,0,0,TA_SOUTHWEST,0,0,
67776,35002,0,0,0,0,0,0,0,0,TS_NONE,0,0,0,0,0,0,0,TM_NONE,0,0,TA_SOUTHWEST,0,0,
67806,35032,0,0,0,0,0,0,0,0,TS_NONE,0,0,0,0,0,0,0,TM_NONE,0,0,TA_SOUTHWEST,0,0,
67836,35062,0,0,0,0,0,0,0,0,TS_NONE,0,0,0,0,0,0,0,TM_NONE,0,0,TA_SOUTHWEST,0,0,
67866,35092,0,0,0,0,0,0,0,0,TS_NONE,0,0,0,0,0,0,0,TM_NONE,0,0,TA_SOUTHWEST,0,0,
67896,35122,0,0,0,0,0,0,0,0,TS_NONE,0,0,0,0,0,0,0,TM_NONE,0,0,TA_SOUTHWEST,0,0,
67926,35152,0,0,0,0,0,0,0,0,TS_NONE,0,0,0,0,0,0,0,TM_NONE,0,0,TA_SOUTHWEST,0,0,
67956,35182,0,0,0,0,0,0,0,0,TS_NONE,0,0,0,0,0,0,0,TM_NONE,0,0,TA_SOUTHWEST,0,0,
67986,35212,0,0,0,0,0,0,0,0,TS_NONE,0,0,0,0,0,0,0,TM_NONE,0,0,TA_SOUTHWEST,0,0,
68016,35242,0,0,0,0,0,0,0,0,TS_NONE,0,0,0,0,0,0,0,TM_NONE,0,0,TA_SOUTHWEST,0,0,
68046,35272,0,0,0,0,0,0,0,0,TS_NONE,0,0,0,0,0,0,0,TM_NONE,0,0,TA_SOUTHWEST,0,0,
68076,35302,0,0,0,0,0,0,0,0,TS_NONE,0,0,0,0,0,0,0,TM_NONE,0,0,TA_SOUTHWEST,0,0,
68106,35332,0,0,0,0,0,0,0,0,TS_NONE,0,0,0,0,0,0,0,TM_NONE,0,0,TA_SOUTHWEST,0,0,
68136,35362,0,0,0,0,0,0,0,0,TS_NONE,0,0,0,0,0,0,0,TM_NONE,0,0,TA_SOUTHWEST,0,0,
68166,35392,0,0,0,0,0,0,0,0,TS_NONE,0,0,0,0,0,0,0,TM_NONE,0,0,TA_SOUTHWEST,0,0,
68196,35422,0,0,0,0,0,0,0,0,TS_NONE,0,0,0,0,0,0,0,TM_NONE,0,0,TA_SOUTHWEST,0,0,
68226,35452,0,0,0,0,0,0,0,0,TS_NONE,0,0,0,0,0,0,0,TM_NONE,0,0,TA_SOUTHWEST,0,0,
68256,35482,0,0,0,0,0,0,0,0,TS_NONE,0,0,0,0,0,0,0,TM_NONE,0,0,TA_SOUTHWEST,0,0,
68286,35512,0,0,0,0,0,0,0,0,TS_NONE,0,0,0,0,0,0,0,TM_NONE,0,0,TA_SOUTHWEST,0,0,
68316,35542,0,0,0,0,0,0,0,0,TS_NONE,0,0,0,0,0,0,0,TM_NONE,0,0,TA_SOUTHWEST,0,0,
68346,35572,0,0,0,0,0,0,0,0,TS_NONE,0,0,0,0,0,0,0,TM_NONE,0,0,TA_SOUTHWEST,0,0,
68376,35602,0,0,0,0,0,0,0,0,TS_NONE,0,0,0,0,0,0,0,TM_NONE,0,0,TA_SOUTHWEST,0,0,
68406,35632,0,0,0,0,0,0,0,0,TS_NONE,0,0,0,0,0,0,0,TM_NONE,0,0,TA_SOUTHWEST,0,0,
68436,35662,0,0,0,0,0,0,0,0,TS_NONE,0,0,0,0,0,0,0,TM_NONE,0,0,TA_SOUTHWEST,0,0,
68466,35692,0,0,0,0,0,0,0,0,TS_NONE,0,0,0,0,0,0,0,TM_NONE,0,0,TA_SOUTHWEST,0,0,
68496,35722,0,0,0,0,0,0,0,0,TS_NONE,0,0,0,0,0,0,0,TM_NONE,0,0,TA_SOUTHWEST,0,0,
68526,35752,0,0,0,0,0,0,0,0,TS_NONE,0,0,0,0,0,0,0,TM_NONE,0,0,TA_SOUTHWEST,0,0,
68556,35782,0,0,0,0,0,0,0,0,TS_NONE,0,0,0,0,0,0,0,TM_NONE,0,0,TA_SOUTHWEST,0,0,
68586,35812,0,0,0,0,0,0,0,0,TS_NONE,0,0,0,0,0,0,0,TM_NONE,0,0,TA_SOUTHWEST,0,0,
68616,35842,0,0,0,0,0,0,0,0,TS_NONE,0,0,0,0,0,0,0,TM_NONE,0,0,TA_SOUTHWEST,0,0,
68646,35872,0,0,0,0,0,0,0,0,TS_NONE,0,0,0,0,0,0,0,TM_NONE,0,0,TA_SOUTHWEST,0,0,
68676,35902,0,0,0,0,0,0,0,0,TS_NONE,0,0,0,0,0,0,0,TM_NONE,0,0,TA_SOUTHWEST,0,0,
68706,35932,0,0,0,0,0,0,0,0,TS_NONE,0,0,0,0,0,0,0,TM_NONE,0,0,TA_SOUTHWEST,0,0,
68736,35962,0,0,0,0,0,0,0,0,TS_NONE,0,0,0,0,0,0,0,TM_NONE,0,0,TA_SOUTHWEST,0,0,
68766,35992,0,0,0,0,0,0,0,0,TS_NONE,0,0,0,0,0,0,0,TM_NONE,0,0,TA_SOUTHWEST,0,0,
68796,36022,0,0,0,0,0,0,0,0,TS_NONE,0,0,0,0,0,0,0,TM_NONE,0,0,TA_SOUTHWEST,0,0,
68826,36052,0,0,0,0,0,0,0,0,TS_NONE,0,0,0,0,0,0,0,TM_NONE,0,0,TA_SOUTHWEST,0,0,
68856,36082,0,0,0,0,0,0,0,0,TS_NONE,0,0,0,0,0,0,0,TM_NONE,0,0,TA_SOUTHWEST,0,0,
68886,36112,0,0,0,0,0,0,0,0,TS_NONE,0,0,0,0,0,0,0,TM_NONE,0,0,TA_SOUTHWEST,0,0,
68916,36142,0,0,0,0,0,0,0,0,TS_NONE,0,0,0,0,0,0,0,TM_NONE,0,0,TA_SOUTHWEST,0,0,
68946,36172,0,0,0,0,0,0,0,0,TS_NONE,0,0,0,0,0,0,0,TM_NONE,0,0,TA_SOUTHWEST,0,0,
68976,36202,0,0,0,0,0,0,0,0,TS_NONE,0,0,0,0,0,0,0,TM_NONE,0,0,TA_SOUTHWEST,0,0,
69006,36232,0,0,0,0,0,0,0,0,TS_NONE,0,0,0,0,0,0,0,TM_NONE,0,0,TA_SOUTHWEST,0,0,
69036,36262,0,0,0,0,0,0,0,0,TS_NONE,0,0,0,0,0,0,0,TM_NONE,0,0,TA_SOUTHWEST,0,0,
69066,36292,0,0,0,0,0,0,0,0,TS_NONE,0,0,0,0,0,0,0,TM_NONE,0,0,TA_SOUTHWEST,0,0,
69096,36322,0,0,0,0,0,0,0,0,TS_NONE,0,0,0,0,0,0,0,TM_NONE,0,0,TA_SOUTHWEST,0,0,
69126,36352,0,0,0,0,0,0,0,0,TS_NONE,0,0,0,0,0,0,0,TM_NONE,0,0,TA_SOUTHWEST,0,0,
69156,36382,0,0,0,0,0,0,0,0,TS_NONE,0,0,0,0,0,0,0,TM_NONE,0,0,TA_SOUTHWEST,0,0,
69186,36412,0,0,0,0,0,0,0,0,TS_NONE,0,0,0,0,0,0,0,TM_NONE,0,0,TA_SOUTHWEST,0,0,
69216,36442,0,0,0,0,0,0,0,0,TS_NONE,0,0,0,0,0,0,0,TM_NONE,0,0,TA_SOUTHWEST,0,0,
69246,36472,0,0,0,0,0,0,0,0,TS_NONE,0,0,0,0,0,0,0,TM_NONE,0,0,TA_SOUTHWEST,0,0,
69276,36502,0,0,0,0,0,0,0,0,TS_NONE,0,0,0,0,0,0,0,TM_NONE,0,0,TA_SOUTHWEST,0,0,
69306,36532,0,0,0,0,0,0,0,0,TS_NONE,0,0,0,0,0,0,0,TM_NONE,0,0,TA_SOUTHWEST,0,0,
69336,36562,0,0,0,0,0,0,0,0,TS_NONE,0,0,0,0,0,0,0,TM_NONE,0,0,TA_SOUTHWEST,0,0,
69366,36592,0,0,0,0,0,0,0,0,TS_NONE,0,0,0,0,0,0,0,TM_NONE,0,0,TA_SOUTHWEST,0,0,
69396,36622,0,0,0,0,0,0,0,0,TS_NONE,0,0,0,0,0,0,0,TM_NONE,0,0,TA_SOUTHWEST,0,0,
69426,36652,0,0,0,0,0,0,0,0,TS_NONE,0,0,0,0,0,0,0,TM_NONE,0,0,TA_SOUTHWEST,0,0,
69456,36682,0,0,0,0,0,0,0,0,TS_NONE,0,0,0,0,0,0,0,TM_NONE,0,0,TA_SOUTHWEST,0,0,
69486,36712,0,0,0,0,0,0,0,0,TS_NONE,0,0,0,0,0,0,0,TM_NONE,0,0,TA_SOUTHWEST,0,0,
69516,36742,0,0,0,0,0,0,0,0,TS_NONE,0,0,0,0,0,0,0,TM_NONE,0,0,TA_SOUTHWEST,0,0,
69546,36772,0,0,0,0,0,0,0,0,TS_NONE,0,0,0,0,0,0,0,TM_NONE,0,0,TA_SOUTHWEST,0,0,
69576,36802,0,0,0,0,0,0,0,0,TS_NONE,0,0,0,0,0,0,0,TM_NONE,0,0,TA_SOUTHWEST,0,0,
69606,36832,0,0,0,0,0,0,0,0,TS_NONE,0,0,0,0,0,0,0,TM_NONE,0,0,TA_SOUTHWEST,0,0,
69636,36862,0,0,0,0,0,0,0,0,TS_NONE,0,0,0,0,0,0,0,TM_NONE,0,0,TA_SOUTHWEST,0,0,
69666,36892,0,0,0,0,0,0,0,0,TS_NONE,0,0,0,0,0,0,0,TM_NONE,0,0,TA_SOUTHWEST,0,0,
69696,36922,0,0,0,0,0,0,0,0,TS_NONE,0,0,0,0,0,0,0,TM_NONE,0,0,TA_SOUTHWEST,0,0,
69726,36952,0,0,0,0,0,0,0,0,TS_NONE,0,0,0,0,0,0,0,TM_NONE,0,0,TA_SOUTHWEST,0,0,
69756,36982,0,0,0,0,0,0,0,0,TS_NONE,0,0,0,0,0,0,0,TM_NONE,0,0,TA_SOUTHWEST,0,0,
69786,37012,0,0,0,0,0,0,0,0,TS_NONE,0,0,0,0,0,0,0,TM_NONE,0,0,TA_SOUTHWEST,0,0,
69816,37042,0,0,0,0,0,0,0,0,TS_NONE,0,0,0,0,0,0,0,TM_NONE,0,0,TA_SOUTHWEST,0,0,
69846,37072,0,0,0,0,0,0,0,0,TS_NONE,0,0,0,0,0,0,0,TM_NONE,0,0,TA_SOUTHWEST,0,0,
69876,37102,0,0,0,0,0,0,0,0,TS_NONE,0,0,0,0,0,0,0,TM_NONE,0,0,TA_SOUTHWEST,0,0,
69906,37132,0,0,0,0,0,0,0,0,TS_NONE,0,0,0,0,0,0,0,TM_NONE,0,0,TA_SOUTHWEST,0,0,
69936,37162,0,0,0,0,0,0,0,0,TS_NONE,0,0,0,0,0,0,0,TM_NONE,0,0,TA_SOUTHWEST,0,0,
69966,37192,0,0,0,0,0,0,0,0,TS_NONE,0,0,0,0,0,0,0,TM_NONE,0,0,TA_SOUTHWEST,0,0,
69996,37222,0,0,0,0,0,0,0,0,TS_NONE,0,0,0,0,0,0,0,TM_NONE,0,0,TA_SOUTHWEST,0,0,
70026,37252,0,0,0,0,0,0,0,0,TS_NONE,0,0,0,0,0,0,0,TM_NONE,0,0,TA_SOUTHWEST,0,0,
70056,37282,0,0,0,0,0,0,0,0,TS_NONE,0,0,0,0,0,0,0,TM_NONE,0,0,TA_SOUTHWEST,0,0,
70086,37312,0,0,0,0,0,0,0,0,TS_NONE,0,0,0,0,0,0,0,TM_NONE,0,0,TA_SOUTHWEST,0,0,
70116,37342,0,0,0,0,0,0,0,0,TS_NONE,0,0,0,0,0,0,0,TM_NONE,0,0,TA_SOUTHWEST,0,0,
70146,37372,0,0,0,0,0,0,0,0,TS_NONE,0,0,0,0,0,0,0,TM_NONE,0,0,TA_SOUTHWEST,0,0,
70176,37402,0,0,0,0,0,0,0,0,TS_NONE,0,0,0,0,0,0,0,TM_NONE,0,0,TA_SOUTHWEST,0,0,
70206,37432,0,0,0,0,0,0,0,0,TS_NONE,0,0,0,0,0,0,0,TM_NONE,0,0,TA_SOUTHWEST,0,0,
70236,37462,0,0,0,0,0,0,0,0,TS_NONE,0,0,0,0,0,0,0,TM_NONE,0,0,TA_SOUTHWEST,0,0,
70266,37492,0,0,0,0,0,0,0,0,TS_NONE,0,0,0,0,0,0,0,TM_NONE,0,0,TA_SOUTHWEST,0,0,
70296,37522,0,0,0,0,0,0,0,0,TS_NONE,0,0,0,0,0,0,0,TM_NONE,0,0,TA_SOUTHWEST,0,0,
70326,37552,0,0,0,0,0,0,0,0,TS_NONE,0,0,0,0,0,0,0,TM_NONE,0,0,TA_SOUTHWEST,0,0,
70356,37582,0,0,0,0,0,0,0,0,TS_NONE,0,0,0,0,0,0,0,TM_NONE,0,0,TA_SOUTHWEST,0,0,
70386,37612,0,0,0,0,0,0,0,0,TS_NONE,0,0,0,0,0,0,0,TM_NONE,0,0,TA_SOUTHWEST,0,0,
70416,37642,0,0,0,0,0,0,0,0,TS_NONE,0,0,0,0,0,0,0,TM_NONE,0,0,TA_SOUTHWEST,0,0,
70446,37672,0,0,0,0,0,0,0,0,TS_NONE,0,0,0,0,0,0,0,TM_NONE,0,0,TA_SOUTHWEST,0,0,
70476,37702,0,0,0,0,0,0,0,0,TS_NONE,0,0,0,0,0,0,0,TM_NONE,0,0,TA_SOUTHWEST,0,0,
70506,37732,0,0,0,0,0,0,0,0,TS_NONE,0,0,0,0,0,0,0,TM_NONE,0,0,TA_SOUTHWEST,0,0,
70536,37762,0,0,0,0,0,0,0,0,TS_NONE,0,0,0,0,0,0,0,TM_NONE,0,0,TA_SOUTHWEST,0,0,
70566,37792,0,0,0,0,0,0,0,0,TS_NONE,0,0,0,0,0,0,0,TM_NONE,0,0,TA_SOUTHWEST,0,0,
70596,37822,0,0,0,0,0,0,0,0,TS_NONE,0,0,0,0,0,0,0,TM_NONE,0,0,TA_SOUTHWEST,0,0,
70626,37852,0,0,0,0,0,0,0,0,TS_NONE,0,0,0,0,0,0,0,TM_NONE,0,0,TA_SOUTHWEST,0,0,
70656,37882,0,0,0,0,0,0,0,0,TS_NONE,0,0,0,0,0,0,0,TM_NONE,0,0,TA_SOUTHWEST,0,0,
70686,37912,0,0,0,0,0,0,0,0,TS_NONE,0,0,0,0,0,0,0,TM_NONE,0,0,TA_SOUTHWEST,0,0,
70716,37942,0,0,0,0,0,0,0,0,TS_NONE,0,0,0,0,0,0,0,TM_NONE,0,0,TA_SOUTHWEST,0,0,
70746,37972,0,0,0,0,0,0,0,0,TS_NONE,0,0,0,0,0,0,0,TM_NONE,0,0,TA_SOUTHWEST,0,0,
70776,38002,0,0,0,0,0,0,0,0,TS_NONE,0,0,0,0,0,0,0,TM_NONE,0,0,TA_SOUTHWEST,0,0,
70806,38032,0,0,0,0,0,0,0,0,TS_NONE,0,0,0,0,0,0,0,TM_NONE,0,0,TA_SOUTHWEST,0,0,
70836,38062,0,0,0,0,0,0,0,0,TS_NONE,0,0,0,0,0,0,0,TM_NONE,0,0,TA_SOUTHWEST,0,0,
70866,38092,0,0,0,0,0,0,0,0,TS_NONE,0,0,0,0,0,0,0,TM_NONE,0,0,TA_SOUTHWEST,0,0,
70896,38122,0,0,0,0,0,0,0,0,TS_NONE,0,0,0,0,0,0,0,TM_NONE,0,0,TA_SOUTHWEST,0,0,
70926,38152,0,0,0,0,0,0,0,0,TS_NONE,0,0,0,0,0,0,0,TM_NONE,0,0,TA_SOUTHWEST,0,0,
70956,38182,0,0,0,0,0,0,0,0,TS_NONE,0,0,0,0,0,0,0,TM_NONE,0,0,TA_SOUTHWEST,0,0,
70986,38212,0,0,0,0,0,0,0,0,TS_NONE,0,0,0,0,0,0,0,TM_NONE,0,0,TA_SOUTHWEST,0,0,
