Index,GloOfs,RelOfs,Child,Parent,Xpos,Ypos,Zpos,Xtile,Ytile,Status,Status_S,Affect,BaseFrame,Frame,OldFrame,Life,WhoShotMe,Model,Model_S,State,Angle,Angle_S,ZAngle,Unknown
0,59016,26242,5798,28732,22904,7432,1024,89,29,7,TS_NODRAW | TS_UNKNOWN_2 | TS_MAPWHO,0,0,8658,1959,65534,0,5,TM_OBJECT,37,0,TA_SOUTHWEST,0,0,
1,59046,26272,3406,0,24696,6408,1152,96,25,6,TS_UNKNOWN_2 | TS_MAPWHO,0,0,8267,1960,65534,0,5,TM_OBJECT,32,64,TA_SOUTHEAST,0,0,
2,59076,26302,0,0,27640,7432,1024,107,29,7,TS_NODRAW | TS_UNKNOWN_2 | TS_MAPWHO,0,0,8658,1959,65534,0,5,TM_OBJECT,37,128,TA_NORTHEAST,0,0,
3,59106,26332,0,28342,28536,6920,1152,111,27,7,TS_NODRAW | TS_UNKNOWN_2 | TS_MAPWHO,0,0,8267,1960,65534,0,5,TM_OBJECT,37,192,TA_NORTHWEST,0,0,
4,59136,26362,922,0,28024,10248,1152,109,40,6,TS_UNKNOWN_2 | TS_MAPWHO,0,0,8267,1960,65534,0,5,TM_OBJECT,32,64,TA_SOUTHEAST,0,0,
5,59166,26392,0,29302,27000,11016,1280,105,43,7,TS_NODRAW | TS_UNKNOWN_2 | TS_MAPWHO,0,0,8658,1959,65534,0,5,TM_OBJECT,37,128,TA_NORTHEAST,0,0,
6,59196,26422,0,0,25208,9992,1024,98,39,6,TS_UNKNOWN_2 | TS_MAPWHO,0,0,8267,1960,65534,0,5,TM_OBJECT,32,192,TA_NORTHWEST,0,0,
7,59226,26452,0,0,24952,11016,896,97,43,7,TS_NODRAW | TS_UNKNOWN_2 | TS_MAPWHO,0,0,8658,1959,65534,0,5,TM_OBJECT,37,0,TA_SOUTHWEST,0,0,
8,59256,26482,0,0,21752,10760,896,84,42,6,TS_UNKNOWN_2 | TS_MAPWHO,0,0,8658,1959,65534,0,5,TM_OBJECT,32,128,TA_NORTHEAST,0,0,
9,59286,26512,0,0,24696,13576,1152,96,53,7,TS_NODRAW | TS_UNKNOWN_2 | TS_MAPWHO,0,0,8267,1960,65534,0,5,TM_OBJECT,37,192,TA_NORTHWEST,0,0,
10,59316,26542,0,27982,23928,15112,1024,93,59,7,TS_NODRAW | TS_UNKNOWN_2 | TS_MAPWHO,0,0,8658,1959,65534,0,5,TM_OBJECT,37,0,TA_SOUTHWEST,0,0,
11,59346,26572,0,27532,27000,16904,1024,105,66,7,TS_NODRAW | TS_UNKNOWN_2 | TS_MAPWHO,0,0,8658,1959,65534,0,5,TM_OBJECT,37,0,TA_SOUTHWEST,0,0,
12,59376,26602,0,0,28536,16648,1152,111,65,7,TS_NODRAW | TS_UNKNOWN_2 | TS_MAPWHO,0,0,8267,1960,65534,0,5,TM_OBJECT,37,64,TA_SOUTHEAST,0,0,
13,59406,26632,0,0,29816,16648,1280,116,65,7,TS_NODRAW | TS_UNKNOWN_2 | TS_MAPWHO,0,0,8658,1959,65534,0,5,TM_OBJECT,37,128,TA_NORTHEAST,0,0,
14,59436,26662,0,0,30840,15624,1152,120,61,7,TS_NODRAW | TS_UNKNOWN_2 | TS_MAPWHO,0,0,8267,1960,65534,0,5,TM_OBJECT,37,192,TA_NORTHWEST,0,0,
15,59466,26692,0,27232,20344,16904,1152,79,66,6,TS_UNKNOWN_2 | TS_MAPWHO,0,0,8267,1960,65534,0,5,TM_OBJECT,32,192,TA_NORTHWEST,0,0,
16,59496,26722,0,27112,19832,17160,1280,77,67,7,TS_NODRAW | TS_UNKNOWN_2 | TS_MAPWHO,0,0,8658,1959,65534,0,5,TM_OBJECT,37,0,TA_SOUTHWEST,0,0,
17,59526,26752,0,0,26560,17040,1024,103,66,6,TS_UNKNOWN_2 | TS_MAPWHO,0,1045,4833,1046,50,0,5,TM_OBJECT,10,192,TA_NORTHWEST,0,0,
18,59556,26782,0,0,28076,16996,768,109,66,6,TS_UNKNOWN_2 | TS_MAPWHO,0,0,2671,552,50,0,5,TM_OBJECT,18,128,TA_NORTHEAST,0,0,
19,59586,26812,0,0,26564,7564,1024,103,29,6,TS_UNKNOWN_2 | TS_MAPWHO,0,1053,4677,1054,50,0,5,TM_OBJECT,10,192,TA_NORTHWEST,0,0,
20,59616,26842,0,27562,28204,16996,768,110,66,6,TS_UNKNOWN_2 | TS_MAPWHO,0,0,1886,550,50,0,5,TM_OBJECT,19,128,TA_NORTHEAST,0,0,
21,59646,26872,0,0,22720,15232,1024,88,59,6,TS_UNKNOWN_2 | TS_MAPWHO,0,1051,4867,1052,50,0,5,TM_OBJECT,10,192,TA_NORTHWEST,0,0,
22,59676,26902,4878,0,22708,7564,1024,88,29,6,TS_UNKNOWN_2 | TS_MAPWHO,0,1047,4844,1048,50,0,5,TM_OBJECT,10,192,TA_NORTHWEST,0,0,
23,59706,26932,0,0,30796,16420,768,120,64,6,TS_UNKNOWN_2 | TS_MAPWHO,0,0,1887,551,50,0,5,TM_OBJECT,19,192,TA_NORTHWEST,0,0,
24,59736,26962,0,28222,27224,11096,896,106,43,6,TS_UNKNOWN_2 | TS_MAPWHO,0,1071,4960,1071,50,0,5,TM_OBJECT,10,0,TA_SOUTHWEST,0,0,
25,59766,26992,0,0,22808,10456,896,89,40,6,TS_UNKNOWN_2 | TS_MAPWHO,0,1073,4973,1074,50,0,5,TM_OBJECT,10,64,TA_SOUTHEAST,0,0,
26,59796,27022,0,0,22688,9312,768,88,36,6,TS_UNKNOWN_2 | TS_MAPWHO,0,1073,4973,1074,50,0,5,TM_OBJECT,10,64,TA_SOUTHEAST,0,0,
27,59826,27052,0,0,27000,10984,640,105,42,4,TS_MAPWHO,0,1093,4734,1093,40,0,5,TM_OBJECT,12,128,TA_NORTHEAST,0,0,
28,59856,27082,0,0,19988,17212,768,78,67,6,TS_UNKNOWN_2 | TS_MAPWHO,0,0,1886,550,50,0,5,TM_OBJECT,19,128,TA_NORTHEAST,0,0,
29,59886,27112,26722,27202,19732,17212,768,77,67,6,TS_UNKNOWN_2 | TS_MAPWHO,0,0,1886,550,50,0,5,TM_OBJECT,19,128,TA_NORTHEAST,0,0,
30,59916,27142,0,27172,19476,17212,768,76,67,6,TS_UNKNOWN_2 | TS_MAPWHO,0,0,1886,550,50,0,5,TM_OBJECT,19,128,TA_NORTHEAST,0,0,
31,59946,27172,27142,0,19604,17212,768,76,67,6,TS_UNKNOWN_2 | TS_MAPWHO,0,0,1886,550,50,0,5,TM_OBJECT,19,128,TA_NORTHEAST,0,0,
32,59976,27202,27112,0,19860,17212,768,77,67,6,TS_UNKNOWN_2 | TS_MAPWHO,0,0,1886,550,50,0,5,TM_OBJECT,19,128,TA_NORTHEAST,0,0,
33,60006,27232,26692,0,20284,16916,768,79,66,6,TS_UNKNOWN_2 | TS_MAPWHO,0,0,1887,551,50,0,5,TM_OBJECT,19,192,TA_NORTHWEST,0,0,
34,60036,27262,0,27322,20284,16660,768,79,65,6,TS_UNKNOWN_2 | TS_MAPWHO,0,0,1887,551,50,0,5,TM_OBJECT,19,192,TA_NORTHWEST,0,0,
35,60066,27292,0,27352,20284,16404,768,79,64,6,TS_UNKNOWN_2 | TS_MAPWHO,0,0,1887,551,50,0,5,TM_OBJECT,19,192,TA_NORTHWEST,0,0,
36,60096,27322,27262,0,20284,16788,768,79,65,6,TS_UNKNOWN_2 | TS_MAPWHO,0,0,1887,551,50,0,5,TM_OBJECT,19,192,TA_NORTHWEST,0,0,
37,60126,27352,27292,0,20284,16532,768,79,64,6,TS_UNKNOWN_2 | TS_MAPWHO,0,0,1887,551,50,0,5,TM_OBJECT,19,192,TA_NORTHWEST,0,0,
38,60156,27382,0,0,20284,16276,768,79,63,6,TS_UNKNOWN_2 | TS_MAPWHO,0,0,1887,551,50,0,5,TM_OBJECT,19,192,TA_NORTHWEST,0,0,
39,60186,27412,0,0,19356,17220,768,75,67,6,TS_UNKNOWN_2 | TS_MAPWHO,0,0,1886,550,50,0,5,TM_OBJECT,19,0,TA_SOUTHWEST,0,0,
40,60216,27442,0,0,20300,15892,768,79,62,6,TS_UNKNOWN_2 | TS_MAPWHO,0,0,1887,551,50,0,5,TM_OBJECT,19,64,TA_SOUTHEAST,0,0,
41,60246,27472,0,0,20296,15752,768,79,61,6,TS_UNKNOWN_2 | TS_MAPWHO,0,0,1887,551,50,0,5,TM_OBJECT,19,64,TA_SOUTHEAST,0,0,
42,60276,27502,0,27772,27320,17000,768,106,66,6,TS_UNKNOWN_2 | TS_MAPWHO,0,0,1886,550,50,0,5,TM_OBJECT,19,0,TA_SOUTHWEST,0,0,
43,60306,27532,26572,27742,27064,17000,768,105,66,6,TS_UNKNOWN_2 | TS_MAPWHO,0,0,1886,550,50,0,5,TM_OBJECT,19,0,TA_SOUTHWEST,0,0,
44,60336,27562,26842,0,28332,16996,768,110,66,6,TS_UNKNOWN_2 | TS_MAPWHO,0,0,1886,550,50,0,5,TM_OBJECT,19,128,TA_NORTHEAST,0,0,
45,60366,27592,0,29032,30796,16164,768,120,63,6,TS_UNKNOWN_2 | TS_MAPWHO,0,0,1887,551,50,0,5,TM_OBJECT,19,192,TA_NORTHWEST,0,0,
46,60396,27622,0,27682,28520,16168,768,111,63,6,TS_UNKNOWN_2 | TS_MAPWHO,0,0,1887,551,50,0,5,TM_OBJECT,19,192,TA_NORTHWEST,0,0,
47,60426,27652,0,0,28524,16420,768,111,64,6,TS_UNKNOWN_2 | TS_MAPWHO,0,0,1887,551,50,0,5,TM_OBJECT,19,192,TA_NORTHWEST,0,0,
48,60456,27682,27622,0,28524,16292,768,111,63,6,TS_UNKNOWN_2 | TS_MAPWHO,0,0,1887,551,50,0,5,TM_OBJECT,19,192,TA_NORTHWEST,0,0,
49,60486,27712,0,27802,26808,17000,768,104,66,6,TS_UNKNOWN_2 | TS_MAPWHO,0,0,1886,550,50,0,5,TM_OBJECT,19,0,TA_SOUTHWEST,0,0,
50,60516,27742,27532,0,26936,17000,768,105,66,6,TS_UNKNOWN_2 | TS_MAPWHO,0,0,1886,550,50,0,5,TM_OBJECT,19,0,TA_SOUTHWEST,0,0,
51,60546,27772,27502,0,27192,17000,768,106,66,6,TS_UNKNOWN_2 | TS_MAPWHO,0,0,1886,550,50,0,5,TM_OBJECT,19,0,TA_SOUTHWEST,0,0,
52,60576,27802,27712,0,26680,17000,768,104,66,6,TS_UNKNOWN_2 | TS_MAPWHO,0,0,1886,550,50,0,5,TM_OBJECT,19,0,TA_SOUTHWEST,0,0,
53,60606,27832,0,27892,28516,15132,768,111,59,6,TS_UNKNOWN_2 | TS_MAPWHO,0,0,2670,553,50,0,5,TM_OBJECT,18,64,TA_SOUTHEAST,0,0,
54,60636,27862,0,0,28520,15384,768,111,60,6,TS_UNKNOWN_2 | TS_MAPWHO,0,0,1887,551,50,0,5,TM_OBJECT,19,64,TA_SOUTHEAST,0,0,
55,60666,27892,27832,0,28520,15256,768,111,59,6,TS_UNKNOWN_2 | TS_MAPWHO,0,0,1887,551,50,0,5,TM_OBJECT,19,64,TA_SOUTHEAST,0,0,
56,60696,27922,0,27952,22804,15212,768,89,59,6,TS_UNKNOWN_2 | TS_MAPWHO,0,0,1886,550,50,0,5,TM_OBJECT,19,128,TA_NORTHEAST,0,0,
57,60726,27952,27922,0,22928,15216,768,89,59,6,TS_UNKNOWN_2 | TS_MAPWHO,0,0,1886,550,50,0,5,TM_OBJECT,19,128,TA_NORTHEAST,0,0,
58,60756,27982,26542,28012,23840,15216,768,93,59,6,TS_UNKNOWN_2 | TS_MAPWHO,0,0,1886,550,50,0,5,TM_OBJECT,19,128,TA_NORTHEAST,0,0,
59,60786,28012,27982,0,23964,15220,768,93,59,6,TS_UNKNOWN_2 | TS_MAPWHO,0,0,1886,550,50,0,5,TM_OBJECT,19,128,TA_NORTHEAST,0,0,
60,60816,28042,0,28072,24684,15044,768,96,58,6,TS_UNKNOWN_2 | TS_MAPWHO,0,0,1887,551,50,0,5,TM_OBJECT,19,192,TA_NORTHWEST,0,0,
61,60846,28072,28042,0,24684,14932,768,96,58,6,TS_UNKNOWN_2 | TS_MAPWHO,0,0,1887,551,50,0,5,TM_OBJECT,19,192,TA_NORTHWEST,0,0,
62,60876,28102,0,28132,24688,14016,768,96,54,6,TS_UNKNOWN_2 | TS_MAPWHO,0,0,1887,551,50,0,5,TM_OBJECT,19,192,TA_NORTHWEST,0,0,
63,60906,28132,28102,0,24688,13904,768,96,54,6,TS_UNKNOWN_2 | TS_MAPWHO,0,0,1887,551,50,0,5,TM_OBJECT,19,192,TA_NORTHWEST,0,0,
64,60936,28162,0,28192,26864,11072,768,104,43,6,TS_UNKNOWN_2 | TS_MAPWHO,0,0,1886,550,50,0,5,TM_OBJECT,19,0,TA_SOUTHWEST,0,0,
65,60966,28192,28162,0,26740,11068,768,104,43,6,TS_UNKNOWN_2 | TS_MAPWHO,0,0,1886,550,50,0,5,TM_OBJECT,19,0,TA_SOUTHWEST,0,0,
66,60996,28222,26962,28252,27252,11068,768,106,43,6,TS_UNKNOWN_2 | TS_MAPWHO,0,0,2671,552,50,0,5,TM_OBJECT,18,0,TA_SOUTHWEST,0,0,
67,61026,28252,28222,0,27376,11072,768,106,43,6,TS_UNKNOWN_2 | TS_MAPWHO,0,0,1886,550,50,0,5,TM_OBJECT,19,0,TA_SOUTHWEST,0,0,
68,61056,28282,0,28372,28520,7368,768,111,28,6,TS_UNKNOWN_2 | TS_MAPWHO,0,0,1887,551,50,0,5,TM_OBJECT,19,64,TA_SOUTHEAST,0,0,
69,61086,28312,7638,28432,28520,6856,768,111,26,6,TS_UNKNOWN_2 | TS_MAPWHO,0,0,1887,551,50,0,5,TM_OBJECT,19,64,TA_SOUTHEAST,0,0,
70,61116,28342,26332,28402,28520,7112,768,111,27,6,TS_UNKNOWN_2 | TS_MAPWHO,0,0,1887,551,50,0,5,TM_OBJECT,19,64,TA_SOUTHEAST,0,0,
71,61146,28372,28282,0,28520,7240,768,111,28,6,TS_UNKNOWN_2 | TS_MAPWHO,0,0,1887,551,50,0,5,TM_OBJECT,19,64,TA_SOUTHEAST,0,0,
72,61176,28402,28342,0,28520,6984,768,111,27,6,TS_UNKNOWN_2 | TS_MAPWHO,0,0,1887,551,50,0,5,TM_OBJECT,19,64,TA_SOUTHEAST,0,0,
73,61206,28432,28312,0,28520,6728,768,111,26,6,TS_UNKNOWN_2 | TS_MAPWHO,0,0,1887,551,50,0,5,TM_OBJECT,19,64,TA_SOUTHEAST,0,0,
74,61236,28462,0,28582,28360,7528,768,110,29,6,TS_UNKNOWN_2 | TS_MAPWHO,0,0,1886,550,50,0,5,TM_OBJECT,19,128,TA_NORTHEAST,0,0,
75,61266,28492,0,28612,27848,7528,768,108,29,6,TS_UNKNOWN_2 | TS_MAPWHO,0,0,1886,550,50,0,5,TM_OBJECT,19,128,TA_NORTHEAST,0,0,
76,61296,28522,0,28552,28096,7536,768,109,29,6,TS_UNKNOWN_2 | TS_MAPWHO,0,0,1886,550,50,0,5,TM_OBJECT,19,128,TA_NORTHEAST,0,0,
77,61326,28552,28522,0,27972,7532,768,109,29,6,TS_UNKNOWN_2 | TS_MAPWHO,0,0,1886,550,50,0,5,TM_OBJECT,19,128,TA_NORTHEAST,0,0,
78,61356,28582,28462,0,28228,7532,768,110,29,6,TS_UNKNOWN_2 | TS_MAPWHO,0,0,1886,550,50,0,5,TM_OBJECT,19,128,TA_NORTHEAST,0,0,
79,61386,28612,28492,0,27716,7532,768,108,29,6,TS_UNKNOWN_2 | TS_MAPWHO,0,0,1886,550,50,0,5,TM_OBJECT,19,128,TA_NORTHEAST,0,0,
80,61416,28642,0,28672,28512,5648,768,111,22,6,TS_UNKNOWN_2 | TS_MAPWHO,0,0,1887,551,50,0,5,TM_OBJECT,19,192,TA_NORTHWEST,0,0,
81,61446,28672,28642,0,28520,5768,768,111,22,6,TS_UNKNOWN_2 | TS_MAPWHO,0,0,1887,551,50,0,5,TM_OBJECT,19,192,TA_NORTHWEST,0,0,
82,61476,28702,0,0,26644,7532,768,104,29,6,TS_UNKNOWN_2 | TS_MAPWHO,0,0,1886,550,50,0,5,TM_OBJECT,19,0,TA_SOUTHWEST,0,0,
83,61506,28732,26242,0,22804,7532,768,89,29,6,TS_UNKNOWN_2 | TS_MAPWHO,0,0,1886,550,50,0,5,TM_OBJECT,19,0,TA_SOUTHWEST,0,0,
84,61536,28762,4510,28792,24520,7528,768,95,29,6,TS_UNKNOWN_2 | TS_MAPWHO,0,0,1886,550,50,0,5,TM_OBJECT,19,0,TA_SOUTHWEST,0,0,
85,61566,28792,28762,0,24384,7520,768,95,29,6,TS_UNKNOWN_2 | TS_MAPWHO,0,0,1886,550,50,0,5,TM_OBJECT,19,0,TA_SOUTHWEST,0,0,
86,61596,28822,0,28882,24680,7368,768,96,28,6,TS_UNKNOWN_2 | TS_MAPWHO,0,0,1887,551,50,0,5,TM_OBJECT,19,64,TA_SOUTHEAST,0,0,
87,61626,28852,38278,0,24680,7112,768,96,27,6,TS_UNKNOWN_2 | TS_MAPWHO,0,0,1887,551,50,0,5,TM_OBJECT,19,64,TA_SOUTHEAST,0,0,
88,61656,28882,28822,0,24680,7240,768,96,28,6,TS_UNKNOWN_2 | TS_MAPWHO,0,0,1887,551,50,0,5,TM_OBJECT,19,64,TA_SOUTHEAST,0,0,
89,61686,28912,0,0,24680,5656,768,96,22,6,TS_UNKNOWN_2 | TS_MAPWHO,0,0,1887,551,50,0,5,TM_OBJECT,19,64,TA_SOUTHEAST,0,0,
90,61716,28942,0,0,23936,10688,640,93,41,4,TS_MAPWHO,0,1085,4723,1085,40,0,5,TM_OBJECT,12,128,TA_NORTHEAST,0,0,
91,61746,28972,0,29002,30796,15908,768,120,62,6,TS_UNKNOWN_2 | TS_MAPWHO,0,0,1887,551,50,0,5,TM_OBJECT,19,192,TA_NORTHWEST,0,0,
92,61776,29002,28972,0,30796,16036,768,120,62,6,TS_UNKNOWN_2 | TS_MAPWHO,0,0,1887,551,50,0,5,TM_OBJECT,19,192,TA_NORTHWEST,0,0,
93,61806,29032,27592,0,30796,16292,768,120,63,6,TS_UNKNOWN_2 | TS_MAPWHO,0,0,1887,551,50,0,5,TM_OBJECT,19,192,TA_NORTHWEST,0,0,
94,61836,29062,1014,0,30512,16720,768,119,65,6,TS_UNKNOWN_2 | TS_MAPWHO,0,0,1886,550,50,0,5,TM_OBJECT,19,0,TA_SOUTHWEST,0,0,
95,61866,29092,0,29122,30256,16720,768,118,65,6,TS_UNKNOWN_2 | TS_MAPWHO,0,0,1886,550,50,0,5,TM_OBJECT,19,0,TA_SOUTHWEST,0,0,
96,61896,29122,29092,0,30384,16720,768,118,65,6,TS_UNKNOWN_2 | TS_MAPWHO,0,0,1886,550,50,0,5,TM_OBJECT,19,0,TA_SOUTHWEST,0,0,
97,61926,29152,0,29182,23848,10888,896,93,42,6,TS_UNKNOWN_2 | TS_MAPWHO,0,1069,4949,1069,50,0,5,TM_OBJECT,10,0,TA_SOUTHWEST,0,0,
98,61956,29182,29152,0,23808,10848,768,93,42,6,TS_UNKNOWN_2 | TS_MAPWHO,0,1069,4955,1069,50,0,5,TM_OBJECT,10,0,TA_SOUTHWEST,0,0,
99,61986,29212,0,0,28560,15776,256,111,61,6,TS_UNKNOWN_2 | TS_MAPWHO,0,1063,4655,1063,50,0,5,TM_OBJECT,10,0,TA_SOUTHWEST,0,0,
100,62016,29242,38458,0,25480,10136,256,99,39,6,TS_UNKNOWN_2 | TS_MAPWHO,0,1065,4930,1065,50,0,5,TM_OBJECT,10,0,TA_SOUTHWEST,0,0,
101,62046,29272,4970,0,24696,14184,1408,96,55,6,TS_UNKNOWN_2 | TS_MAPWHO,0,573,2831,573,50,0,5,TM_OBJECT,31,0,TA_SOUTHWEST,0,0,
102,62076,29302,26392,0,27128,11016,1280,105,43,6,TS_UNKNOWN_2 | TS_MAPWHO,0,574,2591,574,50,0,5,TM_OBJECT,31,0,TA_SOUTHWEST,0,0,
103,62106,29332,0,0,10856,19304,1408,42,75,6,TS_UNKNOWN_2 | TS_MAPWHO,0,1073,4969,1073,50,0,5,TM_OBJECT,10,128,TA_NORTHEAST,0,0,
104,62136,29362,0,0,12904,19304,1408,50,75,6,TS_UNKNOWN_2 | TS_MAPWHO,0,1073,4969,1073,50,0,5,TM_OBJECT,10,128,TA_NORTHEAST,0,0,
105,62166,29392,0,0,14564,18924,1024,56,73,6,TS_UNKNOWN_2 | TS_MAPWHO,0,1073,4966,1073,50,0,5,TM_OBJECT,10,128,TA_NORTHEAST,0,0,
106,62196,29422,0,0,14564,17388,1024,56,67,6,TS_UNKNOWN_2 | TS_MAPWHO,0,1073,4968,1073,50,0,5,TM_OBJECT,10,128,TA_NORTHEAST,0,0,
107,62226,29452,0,0,7272,19304,1408,28,75,6,TS_UNKNOWN_2 | TS_MAPWHO,0,1073,4969,1073,50,0,5,TM_OBJECT,10,128,TA_NORTHEAST,0,0,
108,62256,29482,0,0,12516,17388,1024,48,67,6,TS_UNKNOWN_2 | TS_MAPWHO,0,1073,4665,1073,50,0,5,TM_OBJECT,10,128,TA_NORTHEAST,0,0,
109,62286,29512,0,0,9700,16620,256,37,64,6,TS_UNKNOWN_2 | TS_MAPWHO,0,1073,4966,1073,50,0,5,TM_OBJECT,10,128,TA_NORTHEAST,0,0,
110,62316,29542,0,0,5224,19304,1408,20,75,6,TS_UNKNOWN_2 | TS_MAPWHO,0,1073,4969,1073,50,0,5,TM_OBJECT,10,128,TA_NORTHEAST,0,0,
111,62346,29572,0,0,3176,19304,1408,12,75,6,TS_UNKNOWN_2 | TS_MAPWHO,0,1073,4969,1073,50,0,5,TM_OBJECT,10,128,TA_NORTHEAST,0,0,
112,62376,29602,0,0,3176,17768,1408,12,69,6,TS_UNKNOWN_2 | TS_MAPWHO,0,1073,4970,1073,50,0,5,TM_OBJECT,10,128,TA_NORTHEAST,0,0,
113,62406,29632,0,0,5228,17764,1408,20,69,6,TS_UNKNOWN_2 | TS_MAPWHO,0,1073,4665,1073,50,0,5,TM_OBJECT,10,128,TA_NORTHEAST,0,0,
114,62436,29662,0,0,7276,17764,1408,28,69,6,TS_UNKNOWN_2 | TS_MAPWHO,0,1073,4970,1073,50,0,5,TM_OBJECT,10,128,TA_NORTHEAST,0,0,
115,62466,29692,0,0,14564,13036,1024,56,50,6,TS_UNKNOWN_2 | TS_MAPWHO,0,1073,4966,1073,50,0,5,TM_OBJECT,10,128,TA_NORTHEAST,0,0,
116,62496,29722,0,0,12516,13036,1024,48,50,6,TS_UNKNOWN_2 | TS_MAPWHO,0,1073,4665,1073,50,0,5,TM_OBJECT,10,128,TA_NORTHEAST,0,0,
117,62526,29752,0,0,9700,12268,256,37,47,6,TS_UNKNOWN_2 | TS_MAPWHO,0,1073,4666,1073,50,0,5,TM_OBJECT,10,128,TA_NORTHEAST,0,0,
118,62556,29782,0,0,6884,13036,1024,26,50,6,TS_UNKNOWN_2 | TS_MAPWHO,0,1073,4666,1073,50,0,5,TM_OBJECT,10,128,TA_NORTHEAST,0,0,
119,62586,29812,0,0,4836,13036,1024,18,50,6,TS_UNKNOWN_2 | TS_MAPWHO,0,1073,4970,1073,50,0,5,TM_OBJECT,10,128,TA_NORTHEAST,0,0,
120,62616,29842,0,0,9700,10732,256,37,41,6,TS_UNKNOWN_2 | TS_MAPWHO,0,1073,4665,1073,50,0,5,TM_OBJECT,10,128,TA_NORTHEAST,0,0,
121,62646,29872,0,0,3176,13416,1408,12,52,6,TS_UNKNOWN_2 | TS_MAPWHO,0,1073,4966,1073,50,0,5,TM_OBJECT,10,128,TA_NORTHEAST,0,0,
122,62676,29902,0,0,3176,11880,1408,12,46,6,TS_UNKNOWN_2 | TS_MAPWHO,0,1073,4969,1073,50,0,5,TM_OBJECT,10,128,TA_NORTHEAST,0,0,
123,62706,29932,0,0,12516,11500,1024,48,44,6,TS_UNKNOWN_2 | TS_MAPWHO,0,1073,4666,1073,50,0,5,TM_OBJECT,10,128,TA_NORTHEAST,0,0,
124,62736,29962,0,0,5224,11880,1408,20,46,6,TS_UNKNOWN_2 | TS_MAPWHO,0,1073,4970,1073,50,0,5,TM_OBJECT,10,128,TA_NORTHEAST,0,0,
125,62766,29992,0,0,7272,11880,1408,28,46,6,TS_UNKNOWN_2 | TS_MAPWHO,0,1073,4969,1073,50,0,5,TM_OBJECT,10,128,TA_NORTHEAST,0,0,
126,62796,30022,0,0,14952,11880,1408,58,46,6,TS_UNKNOWN_2 | TS_MAPWHO,0,1073,4666,1073,50,0,5,TM_OBJECT,10,128,TA_NORTHEAST,0,0,
127,62826,30052,0,0,19072,17280,1024,74,67,6,TS_UNKNOWN_2 | TS_MAPWHO,0,1075,4978,1075,50,0,5,TM_OBJECT,10,128,TA_NORTHEAST,0,0,
128,62856,30082,0,0,0,0,0,0,0,0,TS_NONE,0,0,0,0,0,0,0,TM_NONE,0,0,TA_SOUTHWEST,0,0,
129,62886,30112,0,0,0,0,0,0,0,0,TS_NONE,0,0,0,0,0,0,0,TM_NONE,0,0,TA_SOUTHWEST,0,0,
130,62916,30142,0,0,0,0,0,0,0,0,TS_NONE,0,0,0,0,0,0,0,TM_NONE,0,0,TA_SOUTHWEST,0,0,
131,62946,30172,0,0,0,0,0,0,0,0,TS_NONE,0,0,0,0,0,0,0,TM_NONE,0,0,TA_SOUTHWEST,0,0,
132,62976,30202,0,0,0,0,0,0,0,0,TS_NONE,0,0,0,0,0,0,0,TM_NONE,0,0,TA_SOUTHWEST,0,0,
133,63006,30232,0,0,0,0,0,0,0,0,TS_NONE,0,0,0,0,0,0,0,TM_NONE,0,0,TA_SOUTHWEST,0,0,
134,63036,30262,0,0,0,0,0,0,0,0,TS_NONE,0,0,0,0,0,0,0,TM_NONE,0,0,TA_SOUTHWEST,0,0,
135,63066,30292,0,0,0,0,0,0,0,0,TS_NONE,0,0,0,0,0,0,0,TM_NONE,0,0,TA_SOUTHWEST,0,0,
136,63096,30322,0,0,0,0,0,0,0,0,TS_NONE,0,0,0,0,0,0,0,TM_NONE,0,0,TA_SOUTHWEST,0,0,
137,63126,30352,0,0,0,0,0,0,0,0,TS_NONE,0,0,0,0,0,0,0,TM_NONE,0,0,TA_SOUTHWEST,0,0,
138,63156,30382,0,0,0,0,0,0,0,0,TS_NONE,0,0,0,0,0,0,0,TM_NONE,0,0,TA_SOUTHWEST,0,0,
139,63186,30412,0,0,0,0,0,0,0,0,TS_NONE,0,0,0,0,0,0,0,TM_NONE,0,0,TA_SOUTHWEST,0,0,
140,63216,30442,0,0,0,0,0,0,0,0,TS_NONE,0,0,0,0,0,0,0,TM_NONE,0,0,TA_SOUTHWEST,0,0,
141,63246,30472,0,0,0,0,0,0,0,0,TS_NONE,0,0,0,0,0,0,0,TM_NONE,0,0,TA_SOUTHWEST,0,0,
142,63276,30502,0,0,0,0,0,0,0,0,TS_NONE,0,0,0,0,0,0,0,TM_NONE,0,0,TA_SOUTHWEST,0,0,
143,63306,30532,0,0,0,0,0,0,0,0,TS_NONE,0,0,0,0,0,0,0,TM_NONE,0,0,TA_SOUTHWEST,0,0,
144,63336,30562,0,0,0,0,0,0,0,0,TS_NONE,0,0,0,0,0,0,0,TM_NONE,0,0,TA_SOUTHWEST,0,0,
145,63366,30592,0,0,0,0,0,0,0,0,TS_NONE,0,0,0,0,0,0,0,TM_NONE,0,0,TA_SOUTHWEST,0,0,
146,63396,30622,0,0,0,0,0,0,0,0,TS_NONE,0,0,0,0,0,0,0,TM_NONE,0,0,TA_SOUTHWEST,0,0,
147,63426,30652,0,0,0,0,0,0,0,0,TS_NONE,0,0,0,0,0,0,0,TM_NONE,0,0,TA_SOUTHWEST,0,0,
148,63456,30682,0,0,0,0,0,0,0,0,TS_NONE,0,0,0,0,0,0,0,TM_NONE,0,0,TA_SOUTHWEST,0,0,
149,63486,30712,0,0,0,0,0,0,0,0,TS_NONE,0,0,0,0,0,0,0,TM_NONE,0,0,TA_SOUTHWEST,0,0,
150,63516,30742,0,0,0,0,0,0,0,0,TS_NONE,0,0,0,0,0,0,0,TM_NONE,0,0,TA_SOUTHWEST,0,0,
151,63546,30772,0,0,0,0,0,0,0,0,TS_NONE,0,0,0,0,0,0,0,TM_NONE,0,0,TA_SOUTHWEST,0,0,
152,63576,30802,0,0,0,0,0,0,0,0,TS_NONE,0,0,0,0,0,0,0,TM_NONE,0,0,TA_SOUTHWEST,0,0,
153,63606,30832,0,0,0,0,0,0,0,0,TS_NONE,0,0,0,0,0,0,0,TM_NONE,0,0,TA_SOUTHWEST,0,0,
154,63636,30862,0,0,0,0,0,0,0,0,TS_NONE,0,0,0,0,0,0,0,TM_NONE,0,0,TA_SOUTHWEST,0,0,
155,63666,30892,0,0,0,0,0,0,0,0,TS_NONE,0,0,0,0,0,0,0,TM_NONE,0,0,TA_SOUTHWEST,0,0,
156,63696,30922,0,0,0,0,0,0,0,0,TS_NONE,0,0,0,0,0,0,0,TM_NONE,0,0,TA_SOUTHWEST,0,0,
157,63726,30952,0,0,0,0,0,0,0,0,TS_NONE,0,0,0,0,0,0,0,TM_NONE,0,0,TA_SOUTHWEST,0,0,
158,63756,30982,0,0,0,0,0,0,0,0,TS_NONE,0,0,0,0,0,0,0,TM_NONE,0,0,TA_SOUTHWEST,0,0,
159,63786,31012,0,0,0,0,0,0,0,0,TS_NONE,0,0,0,0,0,0,0,TM_NONE,0,0,TA_SOUTHWEST,0,0,
160,63816,31042,0,0,0,0,0,0,0,0,TS_NONE,0,0,0,0,0,0,0,TM_NONE,0,0,TA_SOUTHWEST,0,0,
161,63846,31072,0,0,0,0,0,0,0,0,TS_NONE,0,0,0,0,0,0,0,TM_NONE,0,0,TA_SOUTHWEST,0,0,
162,63876,31102,0,0,0,0,0,0,0,0,TS_NONE,0,0,0,0,0,0,0,TM_NONE,0,0,TA_SOUTHWEST,0,0,
163,63906,31132,0,0,0,0,0,0,0,0,TS_NONE,0,0,0,0,0,0,0,TM_NONE,0,0,TA_SOUTHWEST,0,0,
164,63936,31162,0,0,0,0,0,0,0,0,TS_NONE,0,0,0,0,0,0,0,TM_NONE,0,0,TA_SOUTHWEST,0,0,
165,63966,31192,0,0,0,0,0,0,0,0,TS_NONE,0,0,0,0,0,0,0,TM_NONE,0,0,TA_SOUTHWEST,0,0,
166,63996,31222,0,0,0,0,0,0,0,0,TS_NONE,0,0,0,0,0,0,0,TM_NONE,0,0,TA_SOUTHWEST,0,0,
167,64026,31252,0,0,0,0,0,0,0,0,TS_NONE,0,0,0,0,0,0,0,TM_NONE,0,0,TA_SOUTHWEST,0,0,
168,64056,31282,0,0,0,0,0,0,0,0,TS_NONE,0,0,0,0,0,0,0,TM_NONE,0,0,TA_SOUTHWEST,0,0,
169,64086,31312,0,0,0,0,0,0,0,0,TS_NONE,0,0,0,0,0,0,0,TM_NONE,0,0,TA_SOUTHWEST,0,0,
170,64116,31342,0,0,0,0,0,0,0,0,TS_NONE,0,0,0,0,0,0,0,TM_NONE,0,0,TA_SOUTHWEST,0,0,
171,64146,31372,0,0,0,0,0,0,0,0,TS_NONE,0,0,0,0,0,0,0,TM_NONE,0,0,TA_SOUTHWEST,0,0,
172,64176,31402,0,0,0,0,0,0,0,0,TS_NONE,0,0,0,0,0,0,0,TM_NONE,0,0,TA_SOUTHWEST,0,0,
173,64206,31432,0,0,0,0,0,0,0,0,TS_NONE,0,0,0,0,0,0,0,TM_NONE,0,0,TA_SOUTHWEST,0,0,
174,64236,31462,0,0,0,0,0,0,0,0,TS_NONE,0,0,0,0,0,0,0,TM_NONE,0,0,TA_SOUTHWEST,0,0,
175,64266,31492,0,0,0,0,0,0,0,0,TS_NONE,0,0,0,0,0,0,0,TM_NONE,0,0,TA_SOUTHWEST,0,0,
176,64296,31522,0,0,0,0,0,0,0,0,TS_NONE,0,0,0,0,0,0,0,TM_NONE,0,0,TA_SOUTHWEST,0,0,
177,64326,31552,0,0,0,0,0,0,0,0,TS_NONE,0,0,0,0,0,0,0,TM_NONE,0,0,TA_SOUTHWEST,0,0,
178,64356,31582,0,0,0,0,0,0,0,0,TS_NONE,0,0,0,0,0,0,0,TM_NONE,0,0,TA_SOUTHWEST,0,0,
179,64386,31612,0,0,0,0,0,0,0,0,TS_NONE,0,0,0,0,0,0,0,TM_NONE,0,0,TA_SOUTHWEST,0,0,
180,64416,31642,0,0,0,0,0,0,0,0,TS_NONE,0,0,0,0,0,0,0,TM_NONE,0,0,TA_SOUTHWEST,0,0,
181,64446,31672,0,0,0,0,0,0,0,0,TS_NONE,0,0,0,0,0,0,0,TM_NONE,0,0,TA_SOUTHWEST,0,0,
182,64476,31702,0,0,0,0,0,0,0,0,TS_NONE,0,0,0,0,0,0,0,TM_NONE,0,0,TA_SOUTHWEST,0,0,
183,64506,31732,0,0,0,0,0,0,0,0,TS_NONE,0,0,0,0,0,0,0,TM_NONE,0,0,TA_SOUTHWEST,0,0,
184,64536,31762,0,0,0,0,0,0,0,0,TS_NONE,0,0,0,0,0,0,0,TM_NONE,0,0,TA_SOUTHWEST,0,0,
185,64566,31792,0,0,0,0,0,0,0,0,TS_NONE,0,0,0,0,0,0,0,TM_NONE,0,0,TA_SOUTHWEST,0,0,
186,64596,31822,0,0,0,0,0,0,0,0,TS_NONE,0,0,0,0,0,0,0,TM_NONE,0,0,TA_SOUTHWEST,0,0,
187,64626,31852,0,0,0,0,0,0,0,0,TS_NONE,0,0,0,0,0,0,0,TM_NONE,0,0,TA_SOUTHWEST,0,0,
188,64656,31882,0,0,0,0,0,0,0,0,TS_NONE,0,0,0,0,0,0,0,TM_NONE,0,0,TA_SOUTHWEST,0,0,
189,64686,31912,0,0,0,0,0,0,0,0,TS_NONE,0,0,0,0,0,0,0,TM_NONE,0,0,TA_SOUTHWEST,0,0,
190,64716,31942,0,0,0,0,0,0,0,0,TS_NONE,0,0,0,0,0,0,0,TM_NONE,0,0,TA_SOUTHWEST,0,0,
191,64746,31972,0,0,0,0,0,0,0,0,TS_NONE,0,0,0,0,0,0,0,TM_NONE,0,0,TA_SOUTHWEST,0,0,
192,64776,32002,0,0,0,0,0,0,0,0,TS_NONE,0,0,0,0,0,0,0,TM_NONE,0,0,TA_SOUTHWEST,0,0,
193,64806,32032,0,0,0,0,0,0,0,0,TS_NONE,0,0,0,0,0,0,0,TM_NONE,0,0,TA_SOUTHWEST,0,0,
194,64836,32062,0,0,0,0,0,0,0,0,TS_NONE,0,0,0,0,0,0,0,TM_NONE,0,0,TA_SOUTHWEST,0,0,
195,64866,32092,0,0,0,0,0,0,0,0,TS_NONE,0,0,0,0,0,0,0,TM_NONE,0,0,TA_SOUTHWEST,0,0,
196,64896,32122,0,0,0,0,0,0,0,0,TS_NONE,0,0,0,0,0,0,0,TM_NONE,0,0,TA_SOUTHWEST,0,0,
197,64926,32152,0,0,0,0,0,0,0,0,TS_NONE,0,0,0,0,0,0,0,TM_NONE,0,0,TA_SOUTHWEST,0,0,
198,64956,32182,0,0,0,0,0,0,0,0,TS_NONE,0,0,0,0,0,0,0,TM_NONE,0,0,TA_SOUTHWEST,0,0,
199,64986,32212,0,0,0,0,0,0,0,0,TS_NONE,0,0,0,0,0,0,0,TM_NONE,0,0,TA_SOUTHWEST,0,0,
200,65016,32242,0,0,0,0,0,0,0,0,TS_NONE,0,0,0,0,0,0,0,TM_NONE,0,0,TA_SOUTHWEST,0,0,
201,65046,32272,0,0,0,0,0,0,0,0,TS_NONE,0,0,0,0,0,0,0,TM_NONE,0,0,TA_SOUTHWEST,0,0,
202,65076,32302,0,0,0,0,0,0,0,0,TS_NONE,0,0,0,0,0,0,0,TM_NONE,0,0,TA_SOUTHWEST,0,0,
203,65106,32332,0,0,0,0,0,0,0,0,TS_NONE,0,0,0,0,0,0,0,TM_NONE,0,0,TA_SOUTHWEST,0,0,
204,65136,32362,0,0,0,0,0,0,0,0,TS_NONE,0,0,0,0,0,0,0,TM_NONE,0,0,TA_SOUTHWEST,0,0,
205,65166,32392,0,0,0,0,0,0,0,0,TS_NONE,0,0,0,0,0,0,0,TM_NONE,0,0,TA_SOUTHWEST,0,0,
206,65196,32422,0,0,0,0,0,0,0,0,TS_NONE,0,0,0,0,0,0,0,TM_NONE,0,0,TA_SOUTHWEST,0,0,
207,65226,32452,0,0,0,0,0,0,0,0,TS_NONE,0,0,0,0,0,0,0,TM_NONE,0,0,TA_SOUTHWEST,0,0,
208,65256,32482,0,0,0,0,0,0,0,0,TS_NONE,0,0,0,0,0,0,0,TM_NONE,0,0,TA_SOUTHWEST,0,0,
209,65286,32512,0,0,0,0,0,0,0,0,TS_NONE,0,0,0,0,0,0,0,TM_NONE,0,0,TA_SOUTHWEST,0,0,
210,65316,32542,0,0,0,0,0,0,0,0,TS_NONE,0,0,0,0,0,0,0,TM_NONE,0,0,TA_SOUTHWEST,0,0,
211,65346,32572,0,0,0,0,0,0,0,0,TS_NONE,0,0,0,0,0,0,0,TM_NONE,0,0,TA_SOUTHWEST,0,0,
212,65376,32602,0,0,0,0,0,0,0,0,TS_NONE,0,0,0,0,0,0,0,TM_NONE,0,0,TA_SOUTHWEST,0,0,
213,65406,32632,0,0,0,0,0,0,0,0,TS_NONE,0,0,0,0,0,0,0,TM_NONE,0,0,TA_SOUTHWEST,0,0,
214,65436,32662,0,0,0,0,0,0,0,0,TS_NONE,0,0,0,0,0,0,0,TM_NONE,0,0,TA_SOUTHWEST,0,0,
215,65466,32692,0,0,0,0,0,0,0,0,TS_NONE,0,0,0,0,0,0,0,TM_NONE,0,0,TA_SOUTHWEST,0,0,
216,65496,32722,0,0,0,0,0,0,0,0,TS_NONE,0,0,0,0,0,0,0,TM_NONE,0,0,TA_SOUTHWEST,0,0,
217,65526,32752,0,0,0,0,0,0,0,0,TS_NONE,0,0,0,0,0,0,0,TM_NONE,0,0,TA_SOUTHWEST,0,0,
218,65556,32782,0,0,0,0,0,0,0,0,TS_NONE,0,0,0,0,0,0,0,TM_NONE,0,0,TA_SOUTHWEST,0,0,
219,65586,32812,0,0,0,0,0,0,0,0,TS_NONE,0,0,0,0,0,0,0,TM_NONE,0,0,TA_SOUTHWEST,0,0,
220,65616,32842,0,0,0,0,0,0,0,0,TS_NONE,0,0,0,0,0,0,0,TM_NONE,0,0,TA_SOUTHWEST,0,0,
221,65646,32872,0,0,0,0,0,0,0,0,TS_NONE,0,0,0,0,0,0,0,TM_NONE,0,0,TA_SOUTHWEST,0,0,
222,65676,32902,0,0,0,0,0,0,0,0,TS_NONE,0,0,0,0,0,0,0,TM_NONE,0,0,TA_SOUTHWEST,0,0,
223,65706,32932,0,0,0,0,0,0,0,0,TS_NONE,0,0,0,0,0,0,0,TM_NONE,0,0,TA_SOUTHWEST,0,0,
224,65736,32962,0,0,0,0,0,0,0,0,TS_NONE,0,0,0,0,0,0,0,TM_NONE,0,0,TA_SOUTHWEST,0,0,
225,65766,32992,0,0,0,0,0,0,0,0,TS_NONE,0,0,0,0,0,0,0,TM_NONE,0,0,TA_SOUTHWEST,0,0,
226,65796,33022,0,0,0,0,0,0,0,0,TS_NONE,0,0,0,0,0,0,0,TM_NONE,0,0,TA_SOUTHWEST,0,0,
227,65826,33052,0,0,0,0,0,0,0,0,TS_NONE,0,0,0,0,0,0,0,TM_NONE,0,0,TA_SOUTHWEST,0,0,
228,65856,33082,0,0,0,0,0,0,0,0,TS_NONE,0,0,0,0,0,0,0,TM_NONE,0,0,TA_SOUTHWEST,0,0,
229,65886,33112,0,0,0,0,0,0,0,0,TS_NONE,0,0,0,0,0,0,0,TM_NONE,0,0,TA_SOUTHWEST,0,0,
230,65916,33142,0,0,0,0,0,0,0,0,TS_NONE,0,0,0,0,0,0,0,TM_NONE,0,0,TA_SOUTHWEST,0,0,
231,65946,33172,0,0,0,0,0,0,0,0,TS_NONE,0,0,0,0,0,0,0,TM_NONE,0,0,TA_SOUTHWEST,0,0,
232,65976,33202,0,0,0,0,0,0,0,0,TS_NONE,0,0,0,0,0,0,0,TM_NONE,0,0,TA_SOUTHWEST,0,0,
233,66006,33232,0,0,0,0,0,0,0,0,TS_NONE,0,0,0,0,0,0,0,TM_NONE,0,0,TA_SOUTHWEST,0,0,
234,66036,33262,0,0,0,0,0,0,0,0,TS_NONE,0,0,0,0,0,0,0,TM_NONE,0,0,TA_SOUTHWEST,0,0,
235,66066,33292,0,0,0,0,0,0,0,0,TS_NONE,0,0,0,0,0,0,0,TM_NONE,0,0,TA_SOUTHWEST,0,0,
236,66096,33322,0,0,0,0,0,0,0,0,TS_NONE,0,0,0,0,0,0,0,TM_NONE,0,0,TA_SOUTHWEST,0,0,
237,66126,33352,0,0,0,0,0,0,0,0,TS_NONE,0,0,0,0,0,0,0,TM_NONE,0,0,TA_SOUTHWEST,0,0,
238,66156,33382,0,0,0,0,0,0,0,0,TS_NONE,0,0,0,0,0,0,0,TM_NONE,0,0,TA_SOUTHWEST,0,0,
239,66186,33412,0,0,0,0,0,0,0,0,TS_NONE,0,0,0,0,0,0,0,TM_NONE,0,0,TA_SOUTHWEST,0,0,
240,66216,33442,0,0,0,0,0,0,0,0,TS_NONE,0,0,0,0,0,0,0,TM_NONE,0,0,TA_SOUTHWEST,0,0,
241,66246,33472,0,0,0,0,0,0,0,0,TS_NONE,0,0,0,0,0,0,0,TM_NONE,0,0,TA_SOUTHWEST,0,0,
242,66276,33502,0,0,0,0,0,0,0,0,TS_NONE,0,0,0,0,0,0,0,TM_NONE,0,0,TA_SOUTHWEST,0,0,
243,66306,33532,0,0,0,0,0,0,0,0,TS_NONE,0,0,0,0,0,0,0,TM_NONE,0,0,TA_SOUTHWEST,0,0,
244,66336,33562,0,0,0,0,0,0,0,0,TS_NONE,0,0,0,0,0,0,0,TM_NONE,0,0,TA_SOUTHWEST,0,0,
245,66366,33592,0,0,0,0,0,0,0,0,TS_NONE,0,0,0,0,0,0,0,TM_NONE,0,0,TA_SOUTHWEST,0,0,
246,66396,33622,0,0,0,0,0,0,0,0,TS_NONE,0,0,0,0,0,0,0,TM_NONE,0,0,TA_SOUTHWEST,0,0,
247,66426,33652,0,0,0,0,0,0,0,0,TS_NONE,0,0,0,0,0,0,0,TM_NONE,0,0,TA_SOUTHWEST,0,0,
248,66456,33682,0,0,0,0,0,0,0,0,TS_NONE,0,0,0,0,0,0,0,TM_NONE,0,0,TA_SOUTHWEST,0,0,
249,66486,33712,0,0,0,0,0,0,0,0,TS_NONE,0,0,0,0,0,0,0,TM_NONE,0,0,TA_SOUTHWEST,0,0,
250,66516,33742,0,0,0,0,0,0,0,0,TS_NONE,0,0,0,0,0,0,0,TM_NONE,0,0,TA_SOUTHWEST,0,0,
251,66546,33772,0,0,0,0,0,0,0,0,TS_NONE,0,0,0,0,0,0,0,TM_NONE,0,0,TA_SOUTHWEST,0,0,
252,66576,33802,0,0,0,0,0,0,0,0,TS_NONE,0,0,0,0,0,0,0,TM_NONE,0,0,TA_SOUTHWEST,0,0,
253,66606,33832,0,0,0,0,0,0,0,0,TS_NONE,0,0,0,0,0,0,0,TM_NONE,0,0,TA_SOUTHWEST,0,0,
254,66636,33862,0,0,0,0,0,0,0,0,TS_NONE,0,0,0,0,0,0,0,TM_NONE,0,0,TA_SOUTHWEST,0,0,
255,66666,33892,0,0,0,0,0,0,0,0,TS_NONE,0,0,0,0,0,0,0,TM_NONE,0,0,TA_SOUTHWEST,0,0,
256,66696,33922,0,0,0,0,0,0,0,0,TS_NONE,0,0,0,0,0,0,0,TM_NONE,0,0,TA_SOUTHWEST,0,0,
257,66726,33952,0,0,0,0,0,0,0,0,TS_NONE,0,0,0,0,0,0,0,TM_NONE,0,0,TA_SOUTHWEST,0,0,
258,66756,33982,0,0,0,0,0,0,0,0,TS_NONE,0,0,0,0,0,0,0,TM_NONE,0,0,TA_SOUTHWEST,0,0,
259,66786,34012,0,0,0,0,0,0,0,0,TS_NONE,0,0,0,0,0,0,0,TM_NONE,0,0,TA_SOUTHWEST,0,0,
260,66816,34042,0,0,0,0,0,0,0,0,TS_NONE,0,0,0,0,0,0,0,TM_NONE,0,0,TA_SOUTHWEST,0,0,
261,66846,34072,0,0,0,0,0,0,0,0,TS_NONE,0,0,0,0,0,0,0,TM_NONE,0,0,TA_SOUTHWEST,0,0,
262,66876,34102,0,0,0,0,0,0,0,0,TS_NONE,0,0,0,0,0,0,0,TM_NONE,0,0,TA_SOUTHWEST,0,0,
263,66906,34132,0,0,0,0,0,0,0,0,TS_NONE,0,0,0,0,0,0,0,TM_NONE,0,0,TA_SOUTHWEST,0,0,
264,66936,34162,0,0,0,0,0,0,0,0,TS_NONE,0,0,0,0,0,0,0,TM_NONE,0,0,TA_SOUTHWEST,0,0,
265,66966,34192,0,0,0,0,0,0,0,0,TS_NONE,0,0,0,0,0,0,0,TM_NONE,0,0,TA_SOUTHWEST,0,0,
266,66996,34222,0,0,0,0,0,0,0,0,TS_NONE,0,0,0,0,0,0,0,TM_NONE,0,0,TA_SOUTHWEST,0,0,
267,67026,34252,0,0,0,0,0,0,0,0,TS_NONE,0,0,0,0,0,0,0,TM_NONE,0,0,TA_SOUTHWEST,0,0,
268,67056,34282,0,0,0,0,0,0,0,0,TS_NONE,0,0,0,0,0,0,0,TM_NONE,0,0,TA_SOUTHWEST,0,0,
269,67086,34312,0,0,0,0,0,0,0,0,TS_NONE,0,0,0,0,0,0,0,TM_NONE,0,0,TA_SOUTHWEST,0,0,
270,67116,34342,0,0,0,0,0,0,0,0,TS_NONE,0,0,0,0,0,0,0,TM_NONE,0,0,TA_SOUTHWEST,0,0,
271,67146,34372,0,0,0,0,0,0,0,0,TS_NONE,0,0,0,0,0,0,0,TM_NONE,0,0,TA_SOUTHWEST,0,0,
272,67176,34402,0,0,0,0,0,0,0,0,TS_NONE,0,0,0,0,0,0,0,TM_NONE,0,0,TA_SOUTHWEST,0,0,
273,67206,34432,0,0,0,0,0,0,0,0,TS_NONE,0,0,0,0,0,0,0,TM_NONE,0,0,TA_SOUTHWEST,0,0,
274,67236,34462,0,0,0,0,0,0,0,0,TS_NONE,0,0,0,0,0,0,0,TM_NONE,0,0,TA_SOUTHWEST,0,0,
275,67266,34492,0,0,0,0,0,0,0,0,TS_NONE,0,0,0,0,0,0,0,TM_NONE,0,0,TA_SOUTHWEST,0,0,
276,67296,34522,0,0,0,0,0,0,0,0,TS_NONE,0,0,0,0,0,0,0,TM_NONE,0,0,TA_SOUTHWEST,0,0,
277,67326,34552,0,0,0,0,0,0,0,0,TS_NONE,0,0,0,0,0,0,0,TM_NONE,0,0,TA_SOUTHWEST,0,0,
278,67356,34582,0,0,0,0,0,0,0,0,TS_NONE,0,0,0,0,0,0,0,TM_NONE,0,0,TA_SOUTHWEST,0,0,
279,67386,34612,0,0,0,0,0,0,0,0,TS_NONE,0,0,0,0,0,0,0,TM_NONE,0,0,TA_SOUTHWEST,0,0,
280,67416,34642,0,0,0,0,0,0,0,0,TS_NONE,0,0,0,0,0,0,0,TM_NONE,0,0,TA_SOUTHWEST,0,0,
281,67446,34672,0,0,0,0,0,0,0,0,TS_NONE,0,0,0,0,0,0,0,TM_NONE,0,0,TA_SOUTHWEST,0,0,
282,67476,34702,0,0,0,0,0,0,0,0,TS_NONE,0,0,0,0,0,0,0,TM_NONE,0,0,TA_SOUTHWEST,0,0,
283,67506,34732,0,0,0,0,0,0,0,0,TS_NONE,0,0,0,0,0,0,0,TM_NONE,0,0,TA_SOUTHWEST,0,0,
284,67536,34762,0,0,0,0,0,0,0,0,TS_NONE,0,0,0,0,0,0,0,TM_NONE,0,0,TA_SOUTHWEST,0,0,
285,67566,34792,0,0,0,0,0,0,0,0,TS_NONE,0,0,0,0,0,0,0,TM_NONE,0,0,TA_SOUTHWEST,0,0,
286,67596,34822,0,0,0,0,0,0,0,0,TS_NONE,0,0,0,0,0,0,0,TM_NONE,0,0,TA_SOUTHWEST,0,0,
287,67626,34852,0,0,0,0,0,0,0,0,TS_NONE,0,0,0,0,0,0,0,TM_NONE,0,0,TA_SOUTHWEST,0,0,
288,67656,34882,0,0,0,0,0,0,0,0,TS_NONE,0,0,0,0,0,0,0,TM_NONE,0,0,TA_SOUTHWEST,0,0,
289,67686,34912,0,0,0,0,0,0,0,0,TS_NONE,0,0,0,0,0,0,0,TM_NONE,0,0,TA_SOUTHWEST,0,0,
290,67716,34942,0,0,0,0,0,0,0,0,TS_NONE,0,0,0,0,0,0,0,TM_NONE,0,0,TA_SOUTHWEST,0,0,
291,67746,34972,0,0,0,0,0,0,0,0,TS_NONE,0,0,0,0,0,0,0,TM_NONE,0,0,TA_SOUTHWEST,0,0,
292,67776,35002,0,0,0,0,0,0,0,0,TS_NONE,0,0,0,0,0,0,0,TM_NONE,0,0,TA_SOUTHWEST,0,0,
293,67806,35032,0,0,0,0,0,0,0,0,TS_NONE,0,0,0,0,0,0,0,TM_NONE,0,0,TA_SOUTHWEST,0,0,
294,67836,35062,0,0,0,0,0,0,0,0,TS_NONE,0,0,0,0,0,0,0,TM_NONE,0,0,TA_SOUTHWEST,0,0,
295,67866,35092,0,0,0,0,0,0,0,0,TS_NONE,0,0,0,0,0,0,0,TM_NONE,0,0,TA_SOUTHWEST,0,0,
296,67896,35122,0,0,0,0,0,0,0,0,TS_NONE,0,0,0,0,0,0,0,TM_NONE,0,0,TA_SOUTHWEST,0,0,
297,67926,35152,0,0,0,0,0,0,0,0,TS_NONE,0,0,0,0,0,0,0,TM_NONE,0,0,TA_SOUTHWEST,0,0,
298,67956,35182,0,0,0,0,0,0,0,0,TS_NONE,0,0,0,0,0,0,0,TM_NONE,0,0,TA_SOUTHWEST,0,0,
299,67986,35212,0,0,0,0,0,0,0,0,TS_NONE,0,0,0,0,0,0,0,TM_NONE,0,0,TA_SOUTHWEST,0,0,
300,68016,35242,0,0,0,0,0,0,0,0,TS_NONE,0,0,0,0,0,0,0,TM_NONE,0,0,TA_SOUTHWEST,0,0,
301,68046,35272,0,0,0,0,0,0,0,0,TS_NONE,0,0,0,0,0,0,0,TM_NONE,0,0,TA_SOUTHWEST,0,0,
302,68076,35302,0,0,0,0,0,0,0,0,TS_NONE,0,0,0,0,0,0,0,TM_NONE,0,0,TA_SOUTHWEST,0,0,
303,68106,35332,0,0,0,0,0,0,0,0,TS_NONE,0,0,0,0,0,0,0,TM_NONE,0,0,TA_SOUTHWEST,0,0,
304,68136,35362,0,0,0,0,0,0,0,0,TS_NONE,0,0,0,0,0,0,0,TM_NONE,0,0,TA_SOUTHWEST,0,0,
305,68166,35392,0,0,0,0,0,0,0,0,TS_NONE,0,0,0,0,0,0,0,TM_NONE,0,0,TA_SOUTHWEST,0,0,
306,68196,35422,0,0,0,0,0,0,0,0,TS_NONE,0,0,0,0,0,0,0,TM_NONE,0,0,TA_SOUTHWEST,0,0,
307,68226,35452,0,0,0,0,0,0,0,0,TS_NONE,0,0,0,0,0,0,0,TM_NONE,0,0,TA_SOUTHWEST,0,0,
308,68256,35482,0,0,0,0,0,0,0,0,TS_NONE,0,0,0,0,0,0,0,TM_NONE,0,0,TA_SOUTHWEST,0,0,
309,68286,35512,0,0,0,0,0,0,0,0,TS_NONE,0,0,0,0,0,0,0,TM_NONE,0,0,TA_SOUTHWEST,0,0,
310,68316,35542,0,0,0,0,0,0,0,0,TS_NONE,0,0,0,0,0,0,0,TM_NONE,0,0,TA_SOUTHWEST,0,0,
311,68346,35572,0,0,0,0,0,0,0,0,TS_NONE,0,0,0,0,0,0,0,TM_NONE,0,0,TA_SOUTHWEST,0,0,
312,68376,35602,0,0,0,0,0,0,0,0,TS_NONE,0,0,0,0,0,0,0,TM_NONE,0,0,TA_SOUTHWEST,0,0,
313,68406,35632,0,0,0,0,0,0,0,0,TS_NONE,0,0,0,0,0,0,0,TM_NONE,0,0,TA_SOUTHWEST,0,0,
314,68436,35662,0,0,0,0,0,0,0,0,TS_NONE,0,0,0,0,0,0,0,TM_NONE,0,0,TA_SOUTHWEST,0,0,
315,68466,35692,0,0,0,0,0,0,0,0,TS_NONE,0,0,0,0,0,0,0,TM_NONE,0,0,TA_SOUTHWEST,0,0,
316,68496,35722,0,0,0,0,0,0,0,0,TS_NONE,0,0,0,0,0,0,0,TM_NONE,0,0,TA_SOUTHWEST,0,0,
317,68526,35752,0,0,0,0,0,0,0,0,TS_NONE,0,0,0,0,0,0,0,TM_NONE,0,0,TA_SOUTHWEST,0,0,
318,68556,35782,0,0,0,0,0,0,0,0,TS_NONE,0,0,0,0,0,0,0,TM_NONE,0,0,TA_SOUTHWEST,0,0,
319,68586,35812,0,0,0,0,0,0,0,0,TS_NONE,0,0,0,0,0,0,0,TM_NONE,0,0,TA_SOUTHWEST,0,0,
320,68616,35842,0,0,0,0,0,0,0,0,TS_NONE,0,0,0,0,0,0,0,TM_NONE,0,0,TA_SOUTHWEST,0,0,
321,68646,35872,0,0,0,0,0,0,0,0,TS_NONE,0,0,0,0,0,0,0,TM_NONE,0,0,TA_SOUTHWEST,0,0,
322,68676,35902,0,0,0,0,0,0,0,0,TS_NONE,0,0,0,0,0,0,0,TM_NONE,0,0,TA_SOUTHWEST,0,0,
323,68706,35932,0,0,0,0,0,0,0,0,TS_NONE,0,0,0,0,0,0,0,TM_NONE,0,0,TA_SOUTHWEST,0,0,
324,68736,35962,0,0,0,0,0,0,0,0,TS_NONE,0,0,0,0,0,0,0,TM_NONE,0,0,TA_SOUTHWEST,0,0,
325,68766,35992,0,0,0,0,0,0,0,0,TS_NONE,0,0,0,0,0,0,0,TM_NONE,0,0,TA_SOUTHWEST,0,0,
326,68796,36022,0,0,0,0,0,0,0,0,TS_NONE,0,0,0,0,0,0,0,TM_NONE,0,0,TA_SOUTHWEST,0,0,
327,68826,36052,0,0,0,0,0,0,0,0,TS_NONE,0,0,0,0,0,0,0,TM_NONE,0,0,TA_SOUTHWEST,0,0,
328,68856,36082,0,0,0,0,0,0,0,0,TS_NONE,0,0,0,0,0,0,0,TM_NONE,0,0,TA_SOUTHWEST,0,0,
329,68886,36112,0,0,0,0,0,0,0,0,TS_NONE,0,0,0,0,0,0,0,TM_NONE,0,0,TA_SOUTHWEST,0,0,
330,68916,36142,0,0,0,0,0,0,0,0,TS_NONE,0,0,0,0,0,0,0,TM_NONE,0,0,TA_SOUTHWEST,0,0,
331,68946,36172,0,0,0,0,0,0,0,0,TS_NONE,0,0,0,0,0,0,0,TM_NONE,0,0,TA_SOUTHWEST,0,0,
332,68976,36202,0,0,0,0,0,0,0,0,TS_NONE,0,0,0,0,0,0,0,TM_NONE,0,0,TA_SOUTHWEST,0,0,
333,69006,36232,0,0,0,0,0,0,0,0,TS_NONE,0,0,0,0,0,0,0,TM_NONE,0,0,TA_SOUTHWEST,0,0,
334,69036,36262,0,0,0,0,0,0,0,0,TS_NONE,0,0,0,0,0,0,0,TM_NONE,0,0,TA_SOUTHWEST,0,0,
335,69066,36292,0,0,0,0,0,0,0,0,TS_NONE,0,0,0,0,0,0,0,TM_NONE,0,0,TA_SOUTHWEST,0,0,
336,69096,36322,0,0,0,0,0,0,0,0,TS_NONE,0,0,0,0,0,0,0,TM_NONE,0,0,TA_SOUTHWEST,0,0,
337,69126,36352,0,0,0,0,0,0,0,0,TS_NONE,0,0,0,0,0,0,0,TM_NONE,0,0,TA_SOUTHWEST,0,0,
338,69156,36382,0,0,0,0,0,0,0,0,TS_NONE,0,0,0,0,0,0,0,TM_NONE,0,0,TA_SOUTHWEST,0,0,
339,69186,36412,0,0,0,0,0,0,0,0,TS_NONE,0,0,0,0,0,0,0,TM_NONE,0,0,TA_SOUTHWEST,0,0,
340,69216,36442,0,0,0,0,0,0,0,0,TS_NONE,0,0,0,0,0,0,0,TM_NONE,0,0,TA_SOUTHWEST,0,0,
341,69246,36472,0,0,0,0,0,0,0,0,TS_NONE,0,0,0,0,0,0,0,TM_NONE,0,0,TA_SOUTHWEST,0,0,
342,69276,36502,0,0,0,0,0,0,0,0,TS_NONE,0,0,0,0,0,0,0,TM_NONE,0,0,TA_SOUTHWEST,0,0,
343,69306,36532,0,0,0,0,0,0,0,0,TS_NONE,0,0,0,0,0,0,0,TM_NONE,0,0,TA_SOUTHWEST,0,0,
344,69336,36562,0,0,0,0,0,0,0,0,TS_NONE,0,0,0,0,0,0,0,TM_NONE,0,0,TA_SOUTHWEST,0,0,
345,69366,36592,0,0,0,0,0,0,0,0,TS_NONE,0,0,0,0,0,0,0,TM_NONE,0,0,TA_SOUTHWEST,0,0,
346,69396,36622,0,0,0,0,0,0,0,0,TS_NONE,0,0,0,0,0,0,0,TM_NONE,0,0,TA_SOUTHWEST,0,0,
347,69426,36652,0,0,0,0,0,0,0,0,TS_NONE,0,0,0,0,0,0,0,TM_NONE,0,0,TA_SOUTHWEST,0,0,
348,69456,36682,0,0,0,0,0,0,0,0,TS_NONE,0,0,0,0,0,0,0,TM_NONE,0,0,TA_SOUTHWEST,0,0,
349,69486,36712,0,0,0,0,0,0,0,0,TS_NONE,0,0,0,0,0,0,0,TM_NONE,0,0,TA_SOUTHWEST,0,0,
350,69516,36742,0,0,0,0,0,0,0,0,TS_NONE,0,0,0,0,0,0,0,TM_NONE,0,0,TA_SOUTHWEST,0,0,
351,69546,36772,0,0,0,0,0,0,0,0,TS_NONE,0,0,0,0,0,0,0,TM_NONE,0,0,TA_SOUTHWEST,0,0,
352,69576,36802,0,0,0,0,0,0,0,0,TS_NONE,0,0,0,0,0,0,0,TM_NONE,0,0,TA_SOUTHWEST,0,0,
353,69606,36832,0,0,0,0,0,0,0,0,TS_NONE,0,0,0,0,0,0,0,TM_NONE,0,0,TA_SOUTHWEST,0,0,
354,69636,36862,0,0,0,0,0,0,0,0,TS_NONE,0,0,0,0,0,0,0,TM_NONE,0,0,TA_SOUTHWEST,0,0,
355,69666,36892,0,0,0,0,0,0,0,0,TS_NONE,0,0,0,0,0,0,0,TM_NONE,0,0,TA_SOUTHWEST,0,0,
356,69696,36922,0,0,0,0,0,0,0,0,TS_NONE,0,0,0,0,0,0,0,TM_NONE,0,0,TA_SOUTHWEST,0,0,
357,69726,36952,0,0,0,0,0,0,0,0,TS_NONE,0,0,0,0,0,0,0,TM_NONE,0,0,TA_SOUTHWEST,0,0,
358,69756,36982,0,0,0,0,0,0,0,0,TS_NONE,0,0,0,0,0,0,0,TM_NONE,0,0,TA_SOUTHWEST,0,0,
359,69786,37012,0,0,0,0,0,0,0,0,TS_NONE,0,0,0,0,0,0,0,TM_NONE,0,0,TA_SOUTHWEST,0,0,
360,69816,37042,0,0,0,0,0,0,0,0,TS_NONE,0,0,0,0,0,0,0,TM_NONE,0,0,TA_SOUTHWEST,0,0,
361,69846,37072,0,0,0,0,0,0,0,0,TS_NONE,0,0,0,0,0,0,0,TM_NONE,0,0,TA_SOUTHWEST,0,0,
362,69876,37102,0,0,0,0,0,0,0,0,TS_NONE,0,0,0,0,0,0,0,TM_NONE,0,0,TA_SOUTHWEST,0,0,
363,69906,37132,0,0,0,0,0,0,0,0,TS_NONE,0,0,0,0,0,0,0,TM_NONE,0,0,TA_SOUTHWEST,0,0,
364,69936,37162,0,0,0,0,0,0,0,0,TS_NONE,0,0,0,0,0,0,0,TM_NONE,0,0,TA_SOUTHWEST,0,0,
365,69966,37192,0,0,0,0,0,0,0,0,TS_NONE,0,0,0,0,0,0,0,TM_NONE,0,0,TA_SOUTHWEST,0,0,
366,69996,37222,0,0,0,0,0,0,0,0,TS_NONE,0,0,0,0,0,0,0,TM_NONE,0,0,TA_SOUTHWEST,0,0,
367,70026,37252,0,0,0,0,0,0,0,0,TS_NONE,0,0,0,0,0,0,0,TM_NONE,0,0,TA_SOUTHWEST,0,0,
368,70056,37282,0,0,0,0,0,0,0,0,TS_NONE,0,0,0,0,0,0,0,TM_NONE,0,0,TA_SOUTHWEST,0,0,
369,70086,37312,0,0,0,0,0,0,0,0,TS_NONE,0,0,0,0,0,0,0,TM_NONE,0,0,TA_SOUTHWEST,0,0,
370,70116,37342,0,0,0,0,0,0,0,0,TS_NONE,0,0,0,0,0,0,0,TM_NONE,0,0,TA_SOUTHWEST,0,0,
371,70146,37372,0,0,0,0,0,0,0,0,TS_NONE,0,0,0,0,0,0,0,TM_NONE,0,0,TA_SOUTHWEST,0,0,
372,70176,37402,0,0,0,0,0,0,0,0,TS_NONE,0,0,0,0,0,0,0,TM_NONE,0,0,TA_SOUTHWEST,0,0,
373,70206,37432,0,0,0,0,0,0,0,0,TS_NONE,0,0,0,0,0,0,0,TM_NONE,0,0,TA_SOUTHWEST,0,0,
374,70236,37462,0,0,0,0,0,0,0,0,TS_NONE,0,0,0,0,0,0,0,TM_NONE,0,0,TA_SOUTHWEST,0,0,
375,70266,37492,0,0,0,0,0,0,0,0,TS_NONE,0,0,0,0,0,0,0,TM_NONE,0,0,TA_SOUTHWEST,0,0,
376,70296,37522,0,0,0,0,0,0,0,0,TS_NONE,0,0,0,0,0,0,0,TM_NONE,0,0,TA_SOUTHWEST,0,0,
377,70326,37552,0,0,0,0,0,0,0,0,TS_NONE,0,0,0,0,0,0,0,TM_NONE,0,0,TA_SOUTHWEST,0,0,
378,70356,37582,0,0,0,0,0,0,0,0,TS_NONE,0,0,0,0,0,0,0,TM_NONE,0,0,TA_SOUTHWEST,0,0,
379,70386,37612,0,0,0,0,0,0,0,0,TS_NONE,0,0,0,0,0,0,0,TM_NONE,0,0,TA_SOUTHWEST,0,0,
380,70416,37642,0,0,0,0,0,0,0,0,TS_NONE,0,0,0,0,0,0,0,TM_NONE,0,0,TA_SOUTHWEST,0,0,
381,70446,37672,0,0,0,0,0,0,0,0,TS_NONE,0,0,0,0,0,0,0,TM_NONE,0,0,TA_SOUTHWEST,0,0,
382,70476,37702,0,0,0,0,0,0,0,0,TS_NONE,0,0,0,0,0,0,0,TM_NONE,0,0,TA_SOUTHWEST,0,0,
383,70506,37732,0,0,0,0,0,0,0,0,TS_NONE,0,0,0,0,0,0,0,TM_NONE,0,0,TA_SOUTHWEST,0,0,
384,70536,37762,0,0,0,0,0,0,0,0,TS_NONE,0,0,0,0,0,0,0,TM_NONE,0,0,TA_SOUTHWEST,0,0,
385,70566,37792,0,0,0,0,0,0,0,0,TS_NONE,0,0,0,0,0,0,0,TM_NONE,0,0,TA_SOUTHWEST,0,0,
386,70596,37822,0,0,0,0,0,0,0,0,TS_NONE,0,0,0,0,0,0,0,TM_NONE,0,0,TA_SOUTHWEST,0,0,
387,70626,37852,0,0,0,0,0,0,0,0,TS_NONE,0,0,0,0,0,0,0,TM_NONE,0,0,TA_SOUTHWEST,0,0,
388,70656,37882,0,0,0,0,0,0,0,0,TS_NONE,0,0,0,0,0,0,0,TM_NONE,0,0,TA_SOUTHWEST,0,0,
389,70686,37912,0,0,0,0,0,0,0,0,TS_NONE,0,0,0,0,0,0,0,TM_NONE,0,0,TA_SOUTHWEST,0,0,
390,70716,37942,0,0,0,0,0,0,0,0,TS_NONE,0,0,0,0,0,0,0,TM_NONE,0,0,TA_SOUTHWEST,0,0,
391,70746,37972,0,0,0,0,0,0,0,0,TS_NONE,0,0,0,0,0,0,0,TM_NONE,0,0,TA_SOUTHWEST,0,0,
392,70776,38002,0,0,0,0,0,0,0,0,TS_NONE,0,0,0,0,0,0,0,TM_NONE,0,0,TA_SOUTHWEST,0,0,
393,70806,38032,0,0,0,0,0,0,0,0,TS_NONE,0,0,0,0,0,0,0,TM_NONE,0,0,TA_SOUTHWEST,0,0,
394,70836,38062,0,0,0,0,0,0,0,0,TS_NONE,0,0,0,0,0,0,0,TM_NONE,0,0,TA_SOUTHWEST,0,0,
395,70866,38092,0,0,0,0,0,0,0,0,TS_NONE,0,0,0,0,0,0,0,TM_NONE,0,0,TA_SOUTHWEST,0,0,
396,70896,38122,0,0,0,0,0,0,0,0,TS_NONE,0,0,0,0,0,0,0,TM_NONE,0,0,TA_SOUTHWEST,0,0,
397,70926,38152,0,0,0,0,0,0,0,0,TS_NONE,0,0,0,0,0,0,0,TM_NONE,0,0,TA_SOUTHWEST,0,0,
398,70956,38182,0,0,0,0,0,0,0,0,TS_NONE,0,0,0,0,0,0,0,TM_NONE,0,0,TA_SOUTHWEST,0,0,
399,70986,38212,0,0,0,0,0,0,0,0,TS_NONE,0,0,0,0,0,0,0,TM_NONE,0,0,TA_SOUTHWEST,0,0,
