GloOfs,RelOfs,Child,Parent,Xpos,Ypos,Zpos,Xtile,Ytile,Status,Status_S,Affect,BaseFrame,Frame,OldFrame,Life,WhoShotMe,Model,Model_S,State,Angle,ZAngle,Owner
89448,56674,0,0,0,0,0,0,0,0,TS_NONE,0,0,0,0,0,0,0,TM_NONE,0,0,0,0
89478,56704,0,0,0,0,0,0,0,0,TS_NONE,0,0,0,0,0,0,0,TM_NONE,0,0,0,0
89508,56734,0,0,0,0,0,0,0,0,TS_NONE,0,0,0,0,0,0,0,TM_NONE,0,0,0,0
89538,56764,0,0,0,0,0,0,0,0,TS_NONE,0,0,0,0,0,0,0,TM_NONE,0,0,0,0
89568,56794,0,0,0,0,0,0,0,0,TS_NONE,0,0,0,0,0,0,0,TM_NONE,0,0,0,0
89598,56824,0,0,0,0,0,0,0,0,TS_NONE,0,0,0,0,0,0,0,TM_NONE,0,0,0,0
89628,56854,0,0,0,0,0,0,0,0,TS_NONE,0,0,0,0,0,0,0,TM_NONE,0,0,0,0
89658,56884,0,0,0,0,0,0,0,0,TS_NONE,0,0,0,0,0,0,0,TM_NONE,0,0,0,0
89688,56914,0,0,0,0,0,0,0,0,TS_NONE,0,0,0,0,0,0,0,TM_NONE,0,0,0,0
89718,56944,0,0,0,0,0,0,0,0,TS_NONE,0,0,0,0,0,0,0,TM_NONE,0,0,0,0
89748,56974,0,0,0,0,0,0,0,0,TS_NONE,0,0,0,0,0,0,0,TM_NONE,0,0,0,0
89778,57004,0,0,0,0,0,0,0,0,TS_NONE,0,0,0,0,0,0,0,TM_NONE,0,0,0,0
89808,57034,0,0,0,0,0,0,0,0,TS_NONE,0,0,0,0,0,0,0,TM_NONE,0,0,0,0
89838,57064,0,0,0,0,0,0,0,0,TS_NONE,0,0,0,0,0,0,0,TM_NONE,0,0,0,0
89868,57094,0,0,0,0,0,0,0,0,TS_NONE,0,0,0,0,0,0,0,TM_NONE,0,0,0,0
89898,57124,0,0,0,0,0,0,0,0,TS_NONE,0,0,0,0,0,0,0,TM_NONE,0,0,0,0
89928,57154,0,0,0,0,0,0,0,0,TS_NONE,0,0,0,0,0,0,0,TM_NONE,0,0,0,0
89958,57184,0,0,0,0,0,0,0,0,TS_NONE,0,0,0,0,0,0,0,TM_NONE,0,0,0,0
89988,57214,0,0,0,0,0,0,0,0,TS_NONE,0,0,0,0,0,0,0,TM_NONE,0,0,0,0
90018,57244,0,0,0,0,0,0,0,0,TS_NONE,0,0,0,0,0,0,0,TM_NONE,0,0,0,0
90048,57274,0,0,0,0,0,0,0,0,TS_NONE,0,0,0,0,0,0,0,TM_NONE,0,0,0,0
90078,57304,0,0,0,0,0,0,0,0,TS_NONE,0,0,0,0,0,0,0,TM_NONE,0,0,0,0
90108,57334,0,0,0,0,0,0,0,0,TS_NONE,0,0,0,0,0,0,0,TM_NONE,0,0,0,0
90138,57364,0,0,0,0,0,0,0,0,TS_NONE,0,0,0,0,0,0,0,TM_NONE,0,0,0,0
90168,57394,0,0,0,0,0,0,0,0,TS_NONE,0,0,0,0,0,0,0,TM_NONE,0,0,0,0
90198,57424,0,0,0,0,0,0,0,0,TS_NONE,0,0,0,0,0,0,0,TM_NONE,0,0,0,0
90228,57454,0,0,0,0,0,0,0,0,TS_NONE,0,0,0,0,0,0,0,TM_NONE,0,0,0,0
90258,57484,0,0,0,0,0,0,0,0,TS_NONE,0,0,0,0,0,0,0,TM_NONE,0,0,0,0
90288,57514,0,0,0,0,0,0,0,0,TS_NONE,0,0,0,0,0,0,0,TM_NONE,0,0,0,0
90318,57544,0,0,0,0,0,0,0,0,TS_NONE,0,0,0,0,0,0,0,TM_NONE,0,0,0,0
90348,57574,0,0,0,0,0,0,0,0,TS_NONE,0,0,0,0,0,0,0,TM_NONE,0,0,0,0
90378,57604,0,0,0,0,0,0,0,0,TS_NONE,0,0,0,0,0,0,0,TM_NONE,0,0,0,0
90408,57634,0,0,0,0,0,0,0,0,TS_NONE,0,0,0,0,0,0,0,TM_NONE,0,0,0,0
90438,57664,0,0,0,0,0,0,0,0,TS_NONE,0,0,0,0,0,0,0,TM_NONE,0,0,0,0
90468,57694,0,0,0,0,0,0,0,0,TS_NONE,0,0,0,0,0,0,0,TM_NONE,0,0,0,0
90498,57724,0,0,0,0,0,0,0,0,TS_NONE,0,0,0,0,0,0,0,TM_NONE,0,0,0,0
90528,57754,0,0,0,0,0,0,0,0,TS_NONE,0,0,0,0,0,0,0,TM_NONE,0,0,0,0
90558,57784,0,0,0,0,0,0,0,0,TS_NONE,0,0,0,0,0,0,0,TM_NONE,0,0,0,0
90588,57814,0,0,0,0,0,0,0,0,TS_NONE,0,0,0,0,0,0,0,TM_NONE,0,0,0,0
90618,57844,0,0,0,0,0,0,0,0,TS_NONE,0,0,0,0,0,0,0,TM_NONE,0,0,0,0
90648,57874,0,0,0,0,0,0,0,0,TS_NONE,0,0,0,0,0,0,0,TM_NONE,0,0,0,0
90678,57904,0,0,0,0,0,0,0,0,TS_NONE,0,0,0,0,0,0,0,TM_NONE,0,0,0,0
90708,57934,0,0,0,0,0,0,0,0,TS_NONE,0,0,0,0,0,0,0,TM_NONE,0,0,0,0
90738,57964,0,0,0,0,0,0,0,0,TS_NONE,0,0,0,0,0,0,0,TM_NONE,0,0,0,0
90768,57994,0,0,0,0,0,0,0,0,TS_NONE,0,0,0,0,0,0,0,TM_NONE,0,0,0,0
90798,58024,0,0,0,0,0,0,0,0,TS_NONE,0,0,0,0,0,0,0,TM_NONE,0,0,0,0
90828,58054,0,0,0,0,0,0,0,0,TS_NONE,0,0,0,0,0,0,0,TM_NONE,0,0,0,0
90858,58084,0,0,0,0,0,0,0,0,TS_NONE,0,0,0,0,0,0,0,TM_NONE,0,0,0,0
90888,58114,0,0,0,0,0,0,0,0,TS_NONE,0,0,0,0,0,0,0,TM_NONE,0,0,0,0
90918,58144,0,0,0,0,0,0,0,0,TS_NONE,0,0,0,0,0,0,0,TM_NONE,0,0,0,0
90948,58174,0,0,0,0,0,0,0,0,TS_NONE,0,0,0,0,0,0,0,TM_NONE,0,0,0,0
90978,58204,0,0,0,0,0,0,0,0,TS_NONE,0,0,0,0,0,0,0,TM_NONE,0,0,0,0
91008,58234,0,0,0,0,0,0,0,0,TS_NONE,0,0,0,0,0,0,0,TM_NONE,0,0,0,0
91038,58264,0,0,0,0,0,0,0,0,TS_NONE,0,0,0,0,0,0,0,TM_NONE,0,0,0,0
91068,58294,0,0,0,0,0,0,0,0,TS_NONE,0,0,0,0,0,0,0,TM_NONE,0,0,0,0
91098,58324,0,0,0,0,0,0,0,0,TS_NONE,0,0,0,0,0,0,0,TM_NONE,0,0,0,0
91128,58354,0,0,0,0,0,0,0,0,TS_NONE,0,0,0,0,0,0,0,TM_NONE,0,0,0,0
91158,58384,0,0,0,0,0,0,0,0,TS_NONE,0,0,0,0,0,0,0,TM_NONE,0,0,0,0
91188,58414,0,0,0,0,0,0,0,0,TS_NONE,0,0,0,0,0,0,0,TM_NONE,0,0,0,0
91218,58444,0,0,0,0,0,0,0,0,TS_NONE,0,0,0,0,0,0,0,TM_NONE,0,0,0,0
91248,58474,0,0,0,0,0,0,0,0,TS_NONE,0,0,0,0,0,0,0,TM_NONE,0,0,0,0
91278,58504,0,0,0,0,0,0,0,0,TS_NONE,0,0,0,0,0,0,0,TM_NONE,0,0,0,0
91308,58534,0,0,0,0,0,0,0,0,TS_NONE,0,0,0,0,0,0,0,TM_NONE,0,0,0,0
91338,58564,0,0,0,0,0,0,0,0,TS_NONE,0,0,0,0,0,0,0,TM_NONE,0,0,0,0
91368,58594,0,0,0,0,0,0,0,0,TS_NONE,0,0,0,0,0,0,0,TM_NONE,0,0,0,0
91398,58624,0,0,0,0,0,0,0,0,TS_NONE,0,0,0,0,0,0,0,TM_NONE,0,0,0,0
91428,58654,0,0,0,0,0,0,0,0,TS_NONE,0,0,0,0,0,0,0,TM_NONE,0,0,0,0
91458,58684,0,0,0,0,0,0,0,0,TS_NONE,0,0,0,0,0,0,0,TM_NONE,0,0,0,0
91488,58714,0,0,0,0,0,0,0,0,TS_NONE,0,0,0,0,0,0,0,TM_NONE,0,0,0,0
91518,58744,0,0,0,0,0,0,0,0,TS_NONE,0,0,0,0,0,0,0,TM_NONE,0,0,0,0
91548,58774,0,0,0,0,0,0,0,0,TS_NONE,0,0,0,0,0,0,0,TM_NONE,0,0,0,0
91578,58804,0,0,0,0,0,0,0,0,TS_NONE,0,0,0,0,0,0,0,TM_NONE,0,0,0,0
91608,58834,0,0,0,0,0,0,0,0,TS_NONE,0,0,0,0,0,0,0,TM_NONE,0,0,0,0
91638,58864,0,0,0,0,0,0,0,0,TS_NONE,0,0,0,0,0,0,0,TM_NONE,0,0,0,0
91668,58894,0,0,0,0,0,0,0,0,TS_NONE,0,0,0,0,0,0,0,TM_NONE,0,0,0,0
91698,58924,0,0,0,0,0,0,0,0,TS_NONE,0,0,0,0,0,0,0,TM_NONE,0,0,0,0
91728,58954,0,0,0,0,0,0,0,0,TS_NONE,0,0,0,0,0,0,0,TM_NONE,0,0,0,0
91758,58984,0,0,0,0,0,0,0,0,TS_NONE,0,0,0,0,0,0,0,TM_NONE,0,0,0,0
91788,59014,0,0,0,0,0,0,0,0,TS_NONE,0,0,0,0,0,0,0,TM_NONE,0,0,0,0
91818,59044,0,0,0,0,0,0,0,0,TS_NONE,0,0,0,0,0,0,0,TM_NONE,0,0,0,0
91848,59074,0,0,0,0,0,0,0,0,TS_NONE,0,0,0,0,0,0,0,TM_NONE,0,0,0,0
91878,59104,0,0,0,0,0,0,0,0,TS_NONE,0,0,0,0,0,0,0,TM_NONE,0,0,0,0
91908,59134,0,0,0,0,0,0,0,0,TS_NONE,0,0,0,0,0,0,0,TM_NONE,0,0,0,0
91938,59164,0,0,0,0,0,0,0,0,TS_NONE,0,0,0,0,0,0,0,TM_NONE,0,0,0,0
91968,59194,0,0,0,0,0,0,0,0,TS_NONE,0,0,0,0,0,0,0,TM_NONE,0,0,0,0
91998,59224,0,0,0,0,0,0,0,0,TS_NONE,0,0,0,0,0,0,0,TM_NONE,0,0,0,0
92028,59254,0,0,0,0,0,0,0,0,TS_NONE,0,0,0,0,0,0,0,TM_NONE,0,0,0,0
92058,59284,0,0,0,0,0,0,0,0,TS_NONE,0,0,0,0,0,0,0,TM_NONE,0,0,0,0
92088,59314,0,0,0,0,0,0,0,0,TS_NONE,0,0,0,0,0,0,0,TM_NONE,0,0,0,0
92118,59344,0,0,0,0,0,0,0,0,TS_NONE,0,0,0,0,0,0,0,TM_NONE,0,0,0,0
92148,59374,0,0,0,0,0,0,0,0,TS_NONE,0,0,0,0,0,0,0,TM_NONE,0,0,0,0
92178,59404,0,0,0,0,0,0,0,0,TS_NONE,0,0,0,0,0,0,0,TM_NONE,0,0,0,0
92208,59434,0,0,0,0,0,0,0,0,TS_NONE,0,0,0,0,0,0,0,TM_NONE,0,0,0,0
92238,59464,0,0,0,0,0,0,0,0,TS_NONE,0,0,0,0,0,0,0,TM_NONE,0,0,0,0
92268,59494,0,0,0,0,0,0,0,0,TS_NONE,0,0,0,0,0,0,0,TM_NONE,0,0,0,0
92298,59524,0,0,0,0,0,0,0,0,TS_NONE,0,0,0,0,0,0,0,TM_NONE,0,0,0,0
92328,59554,0,0,0,0,0,0,0,0,TS_NONE,0,0,0,0,0,0,0,TM_NONE,0,0,0,0
92358,59584,0,0,0,0,0,0,0,0,TS_NONE,0,0,0,0,0,0,0,TM_NONE,0,0,0,0
92388,59614,0,0,0,0,0,0,0,0,TS_NONE,0,0,0,0,0,0,0,TM_NONE,0,0,0,0
92418,59644,0,0,0,0,0,0,0,0,TS_NONE,0,0,0,0,0,0,0,TM_NONE,0,0,0,0
92448,59674,0,0,0,0,0,0,0,0,TS_NONE,0,0,0,0,0,0,0,TM_NONE,0,0,0,0
92478,59704,0,0,0,0,0,0,0,0,TS_NONE,0,0,0,0,0,0,0,TM_NONE,0,0,0,0
92508,59734,0,0,0,0,0,0,0,0,TS_NONE,0,0,0,0,0,0,0,TM_NONE,0,0,0,0
92538,59764,0,0,0,0,0,0,0,0,TS_NONE,0,0,0,0,0,0,0,TM_NONE,0,0,0,0
92568,59794,0,0,0,0,0,0,0,0,TS_NONE,0,0,0,0,0,0,0,TM_NONE,0,0,0,0
92598,59824,0,0,0,0,0,0,0,0,TS_NONE,0,0,0,0,0,0,0,TM_NONE,0,0,0,0
92628,59854,0,0,0,0,0,0,0,0,TS_NONE,0,0,0,0,0,0,0,TM_NONE,0,0,0,0
92658,59884,0,0,0,0,0,0,0,0,TS_NONE,0,0,0,0,0,0,0,TM_NONE,0,0,0,0
92688,59914,0,0,0,0,0,0,0,0,TS_NONE,0,0,0,0,0,0,0,TM_NONE,0,0,0,0
92718,59944,0,0,0,0,0,0,0,0,TS_NONE,0,0,0,0,0,0,0,TM_NONE,0,0,0,0
92748,59974,0,0,0,0,0,0,0,0,TS_NONE,0,0,0,0,0,0,0,TM_NONE,0,0,0,0
92778,60004,0,0,0,0,0,0,0,0,TS_NONE,0,0,0,0,0,0,0,TM_NONE,0,0,0,0
92808,60034,0,0,0,0,0,0,0,0,TS_NONE,0,0,0,0,0,0,0,TM_NONE,0,0,0,0
92838,60064,0,0,0,0,0,0,0,0,TS_NONE,0,0,0,0,0,0,0,TM_NONE,0,0,0,0
92868,60094,0,0,0,0,0,0,0,0,TS_NONE,0,0,0,0,0,0,0,TM_NONE,0,0,0,0
92898,60124,0,0,0,0,0,0,0,0,TS_NONE,0,0,0,0,0,0,0,TM_NONE,0,0,0,0
92928,60154,0,0,0,0,0,0,0,0,TS_NONE,0,0,0,0,0,0,0,TM_NONE,0,0,0,0
92958,60184,0,0,0,0,0,0,0,0,TS_NONE,0,0,0,0,0,0,0,TM_NONE,0,0,0,0
92988,60214,0,0,0,0,0,0,0,0,TS_NONE,0,0,0,0,0,0,0,TM_NONE,0,0,0,0
93018,60244,0,0,0,0,0,0,0,0,TS_NONE,0,0,0,0,0,0,0,TM_NONE,0,0,0,0
93048,60274,0,0,0,0,0,0,0,0,TS_NONE,0,0,0,0,0,0,0,TM_NONE,0,0,0,0
93078,60304,0,0,0,0,0,0,0,0,TS_NONE,0,0,0,0,0,0,0,TM_NONE,0,0,0,0
93108,60334,0,0,0,0,0,0,0,0,TS_NONE,0,0,0,0,0,0,0,TM_NONE,0,0,0,0
93138,60364,0,0,0,0,0,0,0,0,TS_NONE,0,0,0,0,0,0,0,TM_NONE,0,0,0,0
93168,60394,0,0,0,0,0,0,0,0,TS_NONE,0,0,0,0,0,0,0,TM_NONE,0,0,0,0
93198,60424,0,0,0,0,0,0,0,0,TS_NONE,0,0,0,0,0,0,0,TM_NONE,0,0,0,0
93228,60454,0,0,0,0,0,0,0,0,TS_NONE,0,0,0,0,0,0,0,TM_NONE,0,0,0,0
93258,60484,0,0,0,0,0,0,0,0,TS_NONE,0,0,0,0,0,0,0,TM_NONE,0,0,0,0
93288,60514,0,0,0,0,0,0,0,0,TS_NONE,0,0,0,0,0,0,0,TM_NONE,0,0,0,0
93318,60544,0,0,0,0,0,0,0,0,TS_NONE,0,0,0,0,0,0,0,TM_NONE,0,0,0,0
93348,60574,0,0,0,0,0,0,0,0,TS_NONE,0,0,0,0,0,0,0,TM_NONE,0,0,0,0
93378,60604,0,0,0,0,0,0,0,0,TS_NONE,0,0,0,0,0,0,0,TM_NONE,0,0,0,0
93408,60634,0,0,0,0,0,0,0,0,TS_NONE,0,0,0,0,0,0,0,TM_NONE,0,0,0,0
93438,60664,0,0,0,0,0,0,0,0,TS_NONE,0,0,0,0,0,0,0,TM_NONE,0,0,0,0
93468,60694,0,0,0,0,0,0,0,0,TS_NONE,0,0,0,0,0,0,0,TM_NONE,0,0,0,0
93498,60724,0,0,0,0,0,0,0,0,TS_NONE,0,0,0,0,0,0,0,TM_NONE,0,0,0,0
93528,60754,0,0,0,0,0,0,0,0,TS_NONE,0,0,0,0,0,0,0,TM_NONE,0,0,0,0
93558,60784,0,0,0,0,0,0,0,0,TS_NONE,0,0,0,0,0,0,0,TM_NONE,0,0,0,0
93588,60814,0,0,0,0,0,0,0,0,TS_NONE,0,0,0,0,0,0,0,TM_NONE,0,0,0,0
93618,60844,0,0,0,0,0,0,0,0,TS_NONE,0,0,0,0,0,0,0,TM_NONE,0,0,0,0
93648,60874,0,0,0,0,0,0,0,0,TS_NONE,0,0,0,0,0,0,0,TM_NONE,0,0,0,0
93678,60904,0,0,0,0,0,0,0,0,TS_NONE,0,0,0,0,0,0,0,TM_NONE,0,0,0,0
93708,60934,0,0,0,0,0,0,0,0,TS_NONE,0,0,0,0,0,0,0,TM_NONE,0,0,0,0
93738,60964,0,0,0,0,0,0,0,0,TS_NONE,0,0,0,0,0,0,0,TM_NONE,0,0,0,0
93768,60994,0,0,0,0,0,0,0,0,TS_NONE,0,0,0,0,0,0,0,TM_NONE,0,0,0,0
93798,61024,0,0,0,0,0,0,0,0,TS_NONE,0,0,0,0,0,0,0,TM_NONE,0,0,0,0
93828,61054,0,0,0,0,0,0,0,0,TS_NONE,0,0,0,0,0,0,0,TM_NONE,0,0,0,0
93858,61084,0,0,0,0,0,0,0,0,TS_NONE,0,0,0,0,0,0,0,TM_NONE,0,0,0,0
93888,61114,0,0,0,0,0,0,0,0,TS_NONE,0,0,0,0,0,0,0,TM_NONE,0,0,0,0
93918,61144,0,0,0,0,0,0,0,0,TS_NONE,0,0,0,0,0,0,0,TM_NONE,0,0,0,0
93948,61174,0,0,0,0,0,0,0,0,TS_NONE,0,0,0,0,0,0,0,TM_NONE,0,0,0,0
93978,61204,0,0,0,0,0,0,0,0,TS_NONE,0,0,0,0,0,0,0,TM_NONE,0,0,0,0
94008,61234,0,0,0,0,0,0,0,0,TS_NONE,0,0,0,0,0,0,0,TM_NONE,0,0,0,0
94038,61264,0,0,0,0,0,0,0,0,TS_NONE,0,0,0,0,0,0,0,TM_NONE,0,0,0,0
94068,61294,0,0,0,0,0,0,0,0,TS_NONE,0,0,0,0,0,0,0,TM_NONE,0,0,0,0
94098,61324,0,0,0,0,0,0,0,0,TS_NONE,0,0,0,0,0,0,0,TM_NONE,0,0,0,0
94128,61354,0,0,0,0,0,0,0,0,TS_NONE,0,0,0,0,0,0,0,TM_NONE,0,0,0,0
94158,61384,0,0,0,0,0,0,0,0,TS_NONE,0,0,0,0,0,0,0,TM_NONE,0,0,0,0
94188,61414,0,0,0,0,0,0,0,0,TS_NONE,0,0,0,0,0,0,0,TM_NONE,0,0,0,0
94218,61444,0,0,0,0,0,0,0,0,TS_NONE,0,0,0,0,0,0,0,TM_NONE,0,0,0,0
94248,61474,0,0,0,0,0,0,0,0,TS_NONE,0,0,0,0,0,0,0,TM_NONE,0,0,0,0
94278,61504,0,0,0,0,0,0,0,0,TS_NONE,0,0,0,0,0,0,0,TM_NONE,0,0,0,0
94308,61534,0,0,0,0,0,0,0,0,TS_NONE,0,0,0,0,0,0,0,TM_NONE,0,0,0,0
94338,61564,0,0,0,0,0,0,0,0,TS_NONE,0,0,0,0,0,0,0,TM_NONE,0,0,0,0
94368,61594,0,0,0,0,0,0,0,0,TS_NONE,0,0,0,0,0,0,0,TM_NONE,0,0,0,0
94398,61624,0,0,0,0,0,0,0,0,TS_NONE,0,0,0,0,0,0,0,TM_NONE,0,0,0,0
94428,61654,0,0,0,0,0,0,0,0,TS_NONE,0,0,0,0,0,0,0,TM_NONE,0,0,0,0
94458,61684,0,0,0,0,0,0,0,0,TS_NONE,0,0,0,0,0,0,0,TM_NONE,0,0,0,0
94488,61714,0,0,0,0,0,0,0,0,TS_NONE,0,0,0,0,0,0,0,TM_NONE,0,0,0,0
94518,61744,0,0,0,0,0,0,0,0,TS_NONE,0,0,0,0,0,0,0,TM_NONE,0,0,0,0
94548,61774,0,0,0,0,0,0,0,0,TS_NONE,0,0,0,0,0,0,0,TM_NONE,0,0,0,0
94578,61804,0,0,0,0,0,0,0,0,TS_NONE,0,0,0,0,0,0,0,TM_NONE,0,0,0,0
94608,61834,0,0,0,0,0,0,0,0,TS_NONE,0,0,0,0,0,0,0,TM_NONE,0,0,0,0
94638,61864,0,0,0,0,0,0,0,0,TS_NONE,0,0,0,0,0,0,0,TM_NONE,0,0,0,0
94668,61894,0,0,0,0,0,0,0,0,TS_NONE,0,0,0,0,0,0,0,TM_NONE,0,0,0,0
94698,61924,0,0,0,0,0,0,0,0,TS_NONE,0,0,0,0,0,0,0,TM_NONE,0,0,0,0
94728,61954,0,0,0,0,0,0,0,0,TS_NONE,0,0,0,0,0,0,0,TM_NONE,0,0,0,0
94758,61984,0,0,0,0,0,0,0,0,TS_NONE,0,0,0,0,0,0,0,TM_NONE,0,0,0,0
94788,62014,0,0,0,0,0,0,0,0,TS_NONE,0,0,0,0,0,0,0,TM_NONE,0,0,0,0
94818,62044,0,0,0,0,0,0,0,0,TS_NONE,0,0,0,0,0,0,0,TM_NONE,0,0,0,0
94848,62074,0,0,0,0,0,0,0,0,TS_NONE,0,0,0,0,0,0,0,TM_NONE,0,0,0,0
94878,62104,0,0,0,0,0,0,0,0,TS_NONE,0,0,0,0,0,0,0,TM_NONE,0,0,0,0
94908,62134,0,0,0,0,0,0,0,0,TS_NONE,0,0,0,0,0,0,0,TM_NONE,0,0,0,0
94938,62164,0,0,0,0,0,0,0,0,TS_NONE,0,0,0,0,0,0,0,TM_NONE,0,0,0,0
94968,62194,0,0,0,0,0,0,0,0,TS_NONE,0,0,0,0,0,0,0,TM_NONE,0,0,0,0
94998,62224,0,0,0,0,0,0,0,0,TS_NONE,0,0,0,0,0,0,0,TM_NONE,0,0,0,0
95028,62254,0,0,0,0,0,0,0,0,TS_NONE,0,0,0,0,0,0,0,TM_NONE,0,0,0,0
95058,62284,0,0,0,0,0,0,0,0,TS_NONE,0,0,0,0,0,0,0,TM_NONE,0,0,0,0
95088,62314,0,0,0,0,0,0,0,0,TS_NONE,0,0,0,0,0,0,0,TM_NONE,0,0,0,0
95118,62344,0,0,0,0,0,0,0,0,TS_NONE,0,0,0,0,0,0,0,TM_NONE,0,0,0,0
95148,62374,0,0,0,0,0,0,0,0,TS_NONE,0,0,0,0,0,0,0,TM_NONE,0,0,0,0
95178,62404,0,0,0,0,0,0,0,0,TS_NONE,0,0,0,0,0,0,0,TM_NONE,0,0,0,0
95208,62434,0,0,0,0,0,0,0,0,TS_NONE,0,0,0,0,0,0,0,TM_NONE,0,0,0,0
95238,62464,0,0,0,0,0,0,0,0,TS_NONE,0,0,0,0,0,0,0,TM_NONE,0,0,0,0
95268,62494,0,0,0,0,0,0,0,0,TS_NONE,0,0,0,0,0,0,0,TM_NONE,0,0,0,0
95298,62524,0,0,0,0,0,0,0,0,TS_NONE,0,0,0,0,0,0,0,TM_NONE,0,0,0,0
95328,62554,0,0,0,0,0,0,0,0,TS_NONE,0,0,0,0,0,0,0,TM_NONE,0,0,0,0
95358,62584,0,0,0,0,0,0,0,0,TS_NONE,0,0,0,0,0,0,0,TM_NONE,0,0,0,0
95388,62614,0,0,0,0,0,0,0,0,TS_NONE,0,0,0,0,0,0,0,TM_NONE,0,0,0,0
95418,62644,0,0,0,0,0,0,0,0,TS_NONE,0,0,0,0,0,0,0,TM_NONE,0,0,0,0
95448,62674,0,0,0,0,0,0,0,0,TS_NONE,0,0,0,0,0,0,0,TM_NONE,0,0,0,0
95478,62704,0,0,0,0,0,0,0,0,TS_NONE,0,0,0,0,0,0,0,TM_NONE,0,0,0,0
95508,62734,0,0,0,0,0,0,0,0,TS_NONE,0,0,0,0,0,0,0,TM_NONE,0,0,0,0
95538,62764,0,0,0,0,0,0,0,0,TS_NONE,0,0,0,0,0,0,0,TM_NONE,0,0,0,0
95568,62794,0,0,0,0,0,0,0,0,TS_NONE,0,0,0,0,0,0,0,TM_NONE,0,0,0,0
95598,62824,0,0,0,0,0,0,0,0,TS_NONE,0,0,0,0,0,0,0,TM_NONE,0,0,0,0
95628,62854,0,0,0,0,0,0,0,0,TS_NONE,0,0,0,0,0,0,0,TM_NONE,0,0,0,0
95658,62884,0,0,0,0,0,0,0,0,TS_NONE,0,0,0,0,0,0,0,TM_NONE,0,0,0,0
95688,62914,0,0,0,0,0,0,0,0,TS_NONE,0,0,0,0,0,0,0,TM_NONE,0,0,0,0
95718,62944,0,0,0,0,0,0,0,0,TS_NONE,0,0,0,0,0,0,0,TM_NONE,0,0,0,0
95748,62974,0,0,0,0,0,0,0,0,TS_NONE,0,0,0,0,0,0,0,TM_NONE,0,0,0,0
95778,63004,0,0,0,0,0,0,0,0,TS_NONE,0,0,0,0,0,0,0,TM_NONE,0,0,0,0
95808,63034,0,0,0,0,0,0,0,0,TS_NONE,0,0,0,0,0,0,0,TM_NONE,0,0,0,0
95838,63064,0,0,0,0,0,0,0,0,TS_NONE,0,0,0,0,0,0,0,TM_NONE,0,0,0,0
95868,63094,0,0,0,0,0,0,0,0,TS_NONE,0,0,0,0,0,0,0,TM_NONE,0,0,0,0
95898,63124,0,0,0,0,0,0,0,0,TS_NONE,0,0,0,0,0,0,0,TM_NONE,0,0,0,0
95928,63154,0,0,0,0,0,0,0,0,TS_NONE,0,0,0,0,0,0,0,TM_NONE,0,0,0,0
95958,63184,0,0,0,0,0,0,0,0,TS_NONE,0,0,0,0,0,0,0,TM_NONE,0,0,0,0
95988,63214,0,0,0,0,0,0,0,0,TS_NONE,0,0,0,0,0,0,0,TM_NONE,0,0,0,0
96018,63244,0,0,0,0,0,0,0,0,TS_NONE,0,0,0,0,0,0,0,TM_NONE,0,0,0,0
96048,63274,0,0,0,0,0,0,0,0,TS_NONE,0,0,0,0,0,0,0,TM_NONE,0,0,0,0
96078,63304,0,0,0,0,0,0,0,0,TS_NONE,0,0,0,0,0,0,0,TM_NONE,0,0,0,0
96108,63334,0,0,0,0,0,0,0,0,TS_NONE,0,0,0,0,0,0,0,TM_NONE,0,0,0,0
96138,63364,0,0,0,0,0,0,0,0,TS_NONE,0,0,0,0,0,0,0,TM_NONE,0,0,0,0
96168,63394,0,0,0,0,0,0,0,0,TS_NONE,0,0,0,0,0,0,0,TM_NONE,0,0,0,0
96198,63424,0,0,0,0,0,0,0,0,TS_NONE,0,0,0,0,0,0,0,TM_NONE,0,0,0,0
96228,63454,0,0,0,0,0,0,0,0,TS_NONE,0,0,0,0,0,0,0,TM_NONE,0,0,0,0
96258,63484,0,0,0,0,0,0,0,0,TS_NONE,0,0,0,0,0,0,0,TM_NONE,0,0,0,0
96288,63514,0,0,0,0,0,0,0,0,TS_NONE,0,0,0,0,0,0,0,TM_NONE,0,0,0,0
96318,63544,0,0,0,0,0,0,0,0,TS_NONE,0,0,0,0,0,0,0,TM_NONE,0,0,0,0
96348,63574,0,0,0,0,0,0,0,0,TS_NONE,0,0,0,0,0,0,0,TM_NONE,0,0,0,0
96378,63604,0,0,0,0,0,0,0,0,TS_NONE,0,0,0,0,0,0,0,TM_NONE,0,0,0,0
96408,63634,0,0,0,0,0,0,0,0,TS_NONE,0,0,0,0,0,0,0,TM_NONE,0,0,0,0
96438,63664,0,0,0,0,0,0,0,0,TS_NONE,0,0,0,0,0,0,0,TM_NONE,0,0,0,0
96468,63694,0,0,0,0,0,0,0,0,TS_NONE,0,0,0,0,0,0,0,TM_NONE,0,0,0,0
96498,63724,0,0,0,0,0,0,0,0,TS_NONE,0,0,0,0,0,0,0,TM_NONE,0,0,0,0
96528,63754,0,0,0,0,0,0,0,0,TS_NONE,0,0,0,0,0,0,0,TM_NONE,0,0,0,0
96558,63784,0,0,0,0,0,0,0,0,TS_NONE,0,0,0,0,0,0,0,TM_NONE,0,0,0,0
96588,63814,0,0,0,0,0,0,0,0,TS_NONE,0,0,0,0,0,0,0,TM_NONE,0,0,0,0
96618,63844,0,0,0,0,0,0,0,0,TS_NONE,0,0,0,0,0,0,0,TM_NONE,0,0,0,0
96648,63874,0,0,0,0,0,0,0,0,TS_NONE,0,0,0,0,0,0,0,TM_NONE,0,0,0,0
96678,63904,0,0,0,0,0,0,0,0,TS_NONE,0,0,0,0,0,0,0,TM_NONE,0,0,0,0
96708,63934,0,0,0,0,0,0,0,0,TS_NONE,0,0,0,0,0,0,0,TM_NONE,0,0,0,0
96738,63964,0,0,0,0,0,0,0,0,TS_NONE,0,0,0,0,0,0,0,TM_NONE,0,0,0,0
96768,63994,0,0,0,0,0,0,0,0,TS_NONE,0,0,0,0,0,0,0,TM_NONE,0,0,0,0
96798,64024,0,0,0,0,0,0,0,0,TS_NONE,0,0,0,0,0,0,0,TM_NONE,0,0,0,0
96828,64054,0,0,0,0,0,0,0,0,TS_NONE,0,0,0,0,0,0,0,TM_NONE,0,0,0,0
96858,64084,0,0,0,0,0,0,0,0,TS_NONE,0,0,0,0,0,0,0,TM_NONE,0,0,0,0
96888,64114,0,0,0,0,0,0,0,0,TS_NONE,0,0,0,0,0,0,0,TM_NONE,0,0,0,0
96918,64144,0,0,0,0,0,0,0,0,TS_NONE,0,0,0,0,0,0,0,TM_NONE,0,0,0,0
96948,64174,0,0,0,0,0,0,0,0,TS_NONE,0,0,0,0,0,0,0,TM_NONE,0,0,0,0
96978,64204,0,0,0,0,0,0,0,0,TS_NONE,0,0,0,0,0,0,0,TM_NONE,0,0,0,0
97008,64234,0,0,0,0,0,0,0,0,TS_NONE,0,0,0,0,0,0,0,TM_NONE,0,0,0,0
97038,64264,0,0,0,0,0,0,0,0,TS_NONE,0,0,0,0,0,0,0,TM_NONE,0,0,0,0
97068,64294,0,0,0,0,0,0,0,0,TS_NONE,0,0,0,0,0,0,0,TM_NONE,0,0,0,0
97098,64324,0,0,0,0,0,0,0,0,TS_NONE,0,0,0,0,0,0,0,TM_NONE,0,0,0,0
